driver_id,driver_name,timestamp,cumulative_earnings,current_velocity,target_velocity,velocity_delta,remaining_earnings,remaining_shift_hours,trips_completed,trips_to_goal,estimated_time_to_goal_hours,goal_progress_percent,goal_status,forecast_status
DRV001,Alex Kumar,2024-02-06 08:49:12,1461,518.09,0.0,518.09,0.0,9.06,5,0,0.0,100.0,achieved,ahead
DRV001,Alex Kumar,2024-02-06 09:10:00,1650,515.62,0.0,515.62,0.0,8.72,6,0,0.0,100.0,achieved,ahead
DRV001,Alex Kumar,2026-03-08 09:22:00,1790,486.3,0.0,486.3,0.0,0.0,7,0,0.0,0.0,achieved,ahead
DRV004,Meera Sharma,2024-02-06 06:32:24,887,540.0,26.01,513.99,279.0,10.73,13,5,0.52,76.07,in_progress,ahead
DRV004,Meera Sharma,2024-02-06 07:00:36,1936,540.0,0.0,540.0,0.0,10.26,9,0,0.0,100.0,achieved,ahead
DRV004,Meera Sharma,2024-02-06 07:51:36,1936,540.0,0.0,540.0,0.0,9.41,9,0,0.0,100.0,achieved,ahead
DRV004,Meera Sharma,2024-02-06 08:10:36,1936,540.0,0.0,540.0,0.0,9.09,10,0,0.0,100.0,achieved,ahead
DRV004,Meera Sharma,2024-02-06 08:18:36,2087,540.0,0.0,540.0,0.0,8.96,11,0,0.0,100.0,achieved,ahead
DRV004,Meera Sharma,2024-02-06 08:36:36,2328,540.0,0.0,540.0,0.0,8.66,12,0,0.0,100.0,achieved,ahead
DRV005,Vikram Reddy,2024-02-06 10:07:12,1375,333.74,0.0,333.74,0.0,10.38,4,0,0.0,100.0,achieved,ahead
DRV005,Vikram Reddy,2024-02-06 10:19:12,1564,318.81,0.0,318.81,0.0,10.18,5,0,0.0,100.0,achieved,ahead
DRV005,Vikram Reddy,2024-02-06 10:29:12,1747,357.26,0.0,357.26,0.0,10.01,6,0,0.0,100.0,achieved,ahead
DRV007,Suresh Kumar,2024-02-06 13:29:24,2233,298.13,0.0,298.13,0.0,0.01,8,0,0.0,100.0,achieved,ahead
DRV007,Suresh Kumar,2024-02-06 13:39:24,2390,290.23,0.0,290.23,0.0,0.0,9,0,0.0,100.0,achieved,ahead
DRV007,Suresh Kumar,2024-02-06 13:47:24,2588,315.81,0.0,315.81,0.0,0.0,10,0,0.0,100.0,achieved,ahead
DRV008,Divya Menon,2024-02-06 07:18:00,1059,564.0,59.91,504.09,641.0,10.7,9,6,1.14,62.29,in_progress,ahead
DRV008,Divya Menon,2024-02-06 07:40:00,1200,564.0,48.39,515.61,500.0,10.33,10,5,0.89,70.59,in_progress,ahead
DRV008,Divya Menon,2024-02-06 11:21:36,1200,223.88,75.3,148.58,500.0,6.64,5,3,2.23,70.59,in_progress,ahead
DRV008,Divya Menon,2024-02-06 11:51:36,1200,204.78,81.43,123.34,500.0,6.14,12,5,2.44,70.59,in_progress,ahead
DRV008,Divya Menon,2024-02-06 12:55:48,1200,173.16,98.62,74.54,500.0,5.07,5,3,2.89,70.59,in_progress,ahead
DRV009,Karthik Iyer,2024-02-06 07:27:00,236,162.76,68.84,93.91,864.0,12.55,9,33,5.31,21.45,in_progress,ahead
DRV009,Karthik Iyer,2024-02-06 10:18:00,660,153.49,45.36,108.13,440.0,9.7,9,6,2.87,60.0,in_progress,ahead
DRV009,Karthik Iyer,2024-02-06 10:28:00,748,158.52,36.92,121.59,352.0,9.53,10,5,2.22,68.0,in_progress,ahead
DRV010,Sneha Reddy,2024-02-06 07:25:48,1256,546.0,33.15,512.85,346.0,10.44,11,4,0.63,78.4,in_progress,ahead
DRV010,Sneha Reddy,2024-02-06 19:35:00,1256,350.84,0.0,350.84,346.0,0.0,3,1,0.99,78.4,in_progress,on_track
DRV010,Sneha Reddy,2026-03-08 19:41:00,1256,294.41,0.0,294.41,0.0,0.0,4,0,0.0,0.0,achieved,ahead
DRV011,Neha Driver11,2024-02-06 11:03:00,1592,315.25,0.0,315.25,0.0,1.92,4,0,0.0,100.0,achieved,ahead
DRV011,Neha Driver11,2024-02-06 12:59:24,2049,293.13,0.0,293.13,0.0,0.0,5,0,0.0,100.0,achieved,ahead
DRV011,Neha Driver11,2024-02-06 13:04:24,2153,278.95,0.0,278.95,0.0,0.0,6,0,0.0,100.0,achieved,ahead
DRV012,Rekha Driver12,2024-02-06 06:55:48,2149,540.0,0.0,540.0,0.0,12.37,10,0,0.0,100.0,achieved,ahead
DRV012,Rekha Driver12,2024-02-06 07:04:48,2397,540.0,0.0,540.0,0.0,12.22,11,0,0.0,100.0,achieved,ahead
DRV012,Rekha Driver12,2024-02-06 07:17:48,2590,540.0,0.0,540.0,0.0,12.0,12,0,0.0,100.0,achieved,ahead
DRV013,Shweta Driver13,2024-02-06 08:49:48,156,55.12,152.74,-97.62,1141.0,7.47,9,66,20.7,12.03,in_progress,at_risk
DRV013,Shweta Driver13,2024-02-06 09:10:00,210,65.62,152.38,-86.76,1087.0,7.13,10,52,16.56,16.19,in_progress,at_risk
DRV013,Shweta Driver13,2026-03-08 09:28:00,367,102.25,0.0,102.25,0.0,0.0,11,0,0.0,0.0,achieved,ahead
DRV014,Ravi Driver14,2024-02-06 12:15:36,205,32.75,266.67,-233.92,1104.0,4.14,1,6,33.71,15.66,in_progress,at_risk
DRV014,Ravi Driver14,2024-02-06 12:27:36,394,56.15,232.23,-176.08,915.0,3.94,2,5,16.29,30.1,in_progress,at_risk
DRV014,Ravi Driver14,2024-02-06 12:41:36,597,86.09,192.09,-106.0,712.0,3.71,3,4,8.27,45.61,in_progress,at_risk
DRV015,Shweta Driver15,2024-02-06 07:42:36,1949,594.0,0.0,594.0,0.0,9.37,12,0,0.0,100.0,achieved,ahead
DRV015,Shweta Driver15,2024-02-06 07:57:36,2194,594.0,0.0,594.0,0.0,9.12,13,0,0.0,100.0,achieved,ahead
DRV015,Shweta Driver15,2024-02-06 08:16:36,2313,594.0,0.0,594.0,0.0,8.81,14,0,0.0,100.0,achieved,ahead
DRV016,Sandeep Driver16,2024-02-06 11:04:48,2207,434.45,0.0,434.45,0.0,7.5,14,0,0.0,100.0,achieved,ahead
DRV016,Sandeep Driver16,2024-02-06 11:16:48,2410,421.8,0.0,421.8,0.0,7.3,15,0,0.0,100.0,achieved,ahead
DRV016,Sandeep Driver16,2024-02-06 11:23:48,2518,453.3,0.0,453.3,0.0,7.19,16,0,0.0,100.0,achieved,ahead
DRV018,Kavitha Driver18,2024-02-06 09:42:00,996,269.19,98.06,171.13,675.0,6.88,5,4,2.51,59.61,in_progress,ahead
DRV018,Kavitha Driver18,2024-02-06 10:05:00,1180,280.95,75.54,205.41,491.0,6.5,6,3,1.75,70.62,in_progress,ahead
DRV018,Kavitha Driver18,2024-02-06 12:07:48,1943,316.97,0.0,316.97,0.0,4.45,9,0,0.0,100.0,achieved,ahead
DRV019,Amit Driver19,2024-02-06 13:40:12,336,43.81,269.85,-226.04,1056.0,3.91,13,41,24.11,24.14,in_progress,at_risk
DRV019,Amit Driver19,2024-02-06 13:45:12,505,60.48,231.59,-171.12,887.0,3.83,14,25,14.67,36.28,in_progress,at_risk
DRV019,Amit Driver19,2024-02-06 14:00:12,616,75.15,216.76,-141.61,776.0,3.58,15,19,10.33,44.25,in_progress,at_risk
DRV020,Sandeep Driver20,2024-02-06 11:22:48,2261,420.26,0.0,420.26,0.0,5.74,7,0,0.0,100.0,achieved,ahead
DRV020,Sandeep Driver20,2024-02-06 11:40:48,2495,412.32,0.0,412.32,0.0,5.44,8,0,0.0,100.0,achieved,ahead
DRV020,Sandeep Driver20,2024-02-06 11:57:48,2680,447.11,0.0,447.11,0.0,5.15,9,0,0.0,100.0,achieved,ahead
DRV021,Manoj Driver21,2024-02-06 11:42:00,1271,222.98,61.75,161.23,388.0,6.28,13,4,1.74,76.61,in_progress,ahead
DRV021,Manoj Driver21,2024-02-06 11:52:00,1433,238.03,36.95,201.09,226.0,6.12,14,3,0.95,86.38,in_progress,ahead
DRV021,Manoj Driver21,2024-02-06 12:06:00,1674,260.03,0.0,260.03,0.0,5.88,15,0,0.0,100.0,achieved,ahead
DRV022,Amit Driver22,2024-02-06 11:45:00,1071,186.26,98.15,88.12,494.0,5.03,15,7,2.65,68.43,in_progress,ahead
DRV022,Amit Driver22,2024-02-06 11:54:00,1200,188.51,74.74,113.77,365.0,4.88,16,5,1.94,76.68,in_progress,ahead
DRV022,Amit Driver22,2024-02-06 12:08:00,1345,206.38,47.31,159.07,220.0,4.65,17,3,1.07,85.94,in_progress,ahead
DRV024,Manoj Driver24,2024-02-06 09:33:00,2396,558.0,0.0,558.0,0.0,8.27,11,0,0.0,100.0,achieved,ahead
DRV024,Manoj Driver24,2024-02-06 09:41:00,2487,558.0,0.0,558.0,0.0,8.13,12,0,0.0,100.0,achieved,ahead
DRV024,Manoj Driver24,2024-02-06 09:49:00,2704,558.0,0.0,558.0,0.0,8.0,13,0,0.0,100.0,achieved,ahead
DRV025,Rekha Driver25,2024-02-06 09:13:12,514,159.63,150.39,9.24,769.0,5.11,13,20,4.82,40.06,in_progress,on_track
DRV025,Rekha Driver25,2024-02-06 10:10:12,1874,449.4,0.0,449.4,0.0,4.16,13,0,0.0,100.0,achieved,ahead
DRV025,Rekha Driver25,2024-02-06 11:48:36,2213,380.9,0.0,380.9,0.0,2.52,5,0,0.0,100.0,achieved,ahead
DRV025,Rekha Driver25,2024-02-06 11:58:12,2213,370.69,0.0,370.69,0.0,2.36,4,0,0.0,100.0,achieved,ahead
DRV026,Priya Driver26,2024-02-06 07:54:36,300,157.07,107.52,49.55,920.0,8.56,14,43,5.86,24.59,in_progress,ahead
DRV026,Priya Driver26,2024-02-06 08:01:36,539,210.49,80.69,129.8,681.0,8.44,15,19,3.24,44.18,in_progress,ahead
DRV026,Priya Driver26,2024-02-06 08:12:36,630,273.98,71.46,202.52,590.0,8.26,16,15,2.15,51.64,in_progress,ahead
DRV028,Manoj Driver28,2024-02-06 07:38:00,365,248.3,131.04,117.26,1199.0,9.15,2,7,4.83,23.34,in_progress,ahead
DRV028,Manoj Driver28,2024-02-06 07:51:36,2181,579.0,0.0,579.0,0.0,8.92,14,0,0.0,100.0,achieved,ahead
DRV028,Manoj Driver28,2024-02-06 08:05:00,2181,579.0,0.0,579.0,0.0,8.7,3,0,0.0,100.0,achieved,ahead
DRV029,Kavitha Driver29,2024-02-06 08:38:24,926,350.76,69.18,281.58,817.0,11.81,7,7,2.33,53.13,in_progress,ahead
DRV029,Kavitha Driver29,2024-02-06 13:55:48,926,116.77,125.31,-8.53,817.0,6.52,7,7,7.0,53.13,in_progress,on_track
DRV029,Kavitha Driver29,2024-02-06 14:02:48,926,110.91,127.59,-16.68,817.0,6.4,8,8,7.37,53.13,in_progress,at_risk
DRV030,Lakshmi Driver30,2024-02-06 11:23:24,994,184.42,36.48,147.93,139.0,3.81,9,2,0.75,87.73,in_progress,ahead
DRV030,Lakshmi Driver30,2024-02-06 11:35:24,1206,196.45,0.0,196.45,0.0,3.61,10,0,0.0,100.0,achieved,ahead
DRV030,Lakshmi Driver30,2024-02-06 11:41:24,1392,241.68,0.0,241.68,0.0,3.51,11,0,0.0,100.0,achieved,ahead
DRV031,Lakshmi Driver31,2024-02-06 13:36:36,965,126.81,191.35,-64.54,317.0,1.66,2,1,2.5,75.27,in_progress,at_risk
DRV031,Lakshmi Driver31,2024-02-06 13:42:36,1111,139.95,109.85,30.1,171.0,1.56,3,1,1.22,86.66,in_progress,ahead
DRV031,Lakshmi Driver31,2024-02-06 13:58:36,1316,157.57,0.0,157.57,0.0,1.29,4,0,0.0,100.0,achieved,ahead
DRV032,Amit Driver32,2024-02-06 13:05:24,186,26.23,142.64,-116.41,1095.0,7.68,8,48,41.74,14.52,in_progress,at_risk
DRV032,Amit Driver32,2024-02-06 13:10:24,347,43.99,123.0,-79.01,934.0,7.59,9,25,21.23,27.09,in_progress,at_risk
DRV032,Amit Driver32,2024-02-06 13:25:24,514,68.66,104.45,-35.79,767.0,7.34,10,15,11.17,40.12,in_progress,at_risk
DRV033,Amit Driver33,2024-02-06 12:16:12,787,125.52,72.35,53.17,382.0,5.28,4,2,3.04,67.32,in_progress,ahead
DRV033,Amit Driver33,2024-02-06 12:23:12,986,145.51,35.44,110.07,183.0,5.16,5,1,1.26,84.35,in_progress,ahead
DRV033,Amit Driver33,2024-02-06 12:37:12,1071,151.66,19.88,131.78,98.0,4.93,6,1,0.65,91.62,in_progress,ahead
DRV035,Rekha Driver35,2024-02-06 07:35:24,1310,510.0,50.02,459.98,434.0,8.68,10,4,0.85,75.11,in_progress,ahead
DRV035,Rekha Driver35,2024-02-06 08:05:00,1500,510.0,29.82,480.18,244.0,8.18,11,2,0.48,86.01,in_progress,ahead
DRV035,Rekha Driver35,2026-03-08 08:24:00,1686,510.0,0.0,510.0,0.0,0.0,12,0,0.0,0.0,achieved,ahead
DRV037,Pooja Driver37,2024-02-06 09:22:48,891,263.61,71.34,192.27,741.0,10.39,5,5,2.81,54.6,in_progress,ahead
DRV037,Pooja Driver37,2024-02-06 09:34:48,1079,275.47,54.29,221.18,553.0,10.19,6,4,2.01,66.12,in_progress,ahead
DRV037,Pooja Driver37,2024-02-06 09:45:48,1248,308.43,38.39,270.04,384.0,10.0,7,3,1.25,76.47,in_progress,ahead
DRV039,Pooja Driver39,2024-02-06 07:25:12,1437,549.0,9.07,539.93,87.0,9.6,10,1,0.16,94.29,in_progress,ahead
DRV039,Pooja Driver39,2024-02-06 07:34:12,1437,549.0,9.21,539.79,87.0,9.45,12,1,0.16,94.29,in_progress,ahead
DRV039,Pooja Driver39,2024-02-06 10:56:24,1437,290.89,14.32,276.57,87.0,6.08,3,1,0.3,94.29,in_progress,ahead
DRV040,Shweta Driver40,2024-02-06 10:28:00,1178,263.53,62.38,201.16,210.0,3.37,6,2,0.8,84.87,in_progress,ahead
DRV040,Shweta Driver40,2024-02-06 10:55:00,1325,262.38,21.6,240.78,63.0,2.92,7,1,0.24,95.46,in_progress,ahead
DRV040,Shweta Driver40,2026-03-08 11:07:00,1525,276.49,0.0,276.49,0.0,0.0,8,0,0.0,0.0,achieved,ahead
DRV041,Sanjay Driver41,2024-02-06 08:45:36,1554,516.0,0.0,516.0,0.0,6.22,13,0,0.0,100.0,achieved,ahead
DRV041,Sanjay Driver41,2024-02-06 11:02:24,2244,445.24,0.0,445.24,0.0,3.94,14,0,0.0,100.0,achieved,ahead
DRV041,Sanjay Driver41,2024-02-06 11:11:24,2438,435.37,0.0,435.37,0.0,3.79,15,0,0.0,100.0,achieved,ahead
DRV042,Lakshmi Driver42,2024-02-06 09:42:00,2238,552.0,0.0,552.0,0.0,3.35,5,0,0.0,100.0,achieved,ahead
DRV042,Lakshmi Driver42,2024-02-06 10:54:00,2238,456.73,0.0,456.73,0.0,2.15,8,0,0.0,100.0,achieved,ahead
DRV042,Lakshmi Driver42,2024-02-06 12:50:24,2238,327.19,0.0,327.19,0.0,0.21,2,0,0.0,100.0,achieved,ahead
DRV045,Pooja Driver45,2024-02-06 07:29:24,1742,564.0,0.0,564.0,0.0,9.24,13,0,0.0,100.0,achieved,ahead
DRV045,Pooja Driver45,2024-02-06 07:36:24,1951,564.0,0.0,564.0,0.0,9.13,14,0,0.0,100.0,achieved,ahead
DRV045,Pooja Driver45,2024-02-06 07:44:24,2106,564.0,0.0,564.0,0.0,8.99,15,0,0.0,100.0,achieved,ahead
DRV047,Priya Driver47,2024-02-06 11:37:12,205,36.48,131.18,-94.7,1014.0,7.73,6,30,27.8,16.82,in_progress,at_risk
DRV047,Priya Driver47,2024-02-06 12:52:12,371,54.0,130.86,-76.86,848.0,6.48,8,19,15.7,30.43,in_progress,at_risk
DRV047,Priya Driver47,2024-02-06 13:03:12,454,61.26,121.49,-60.23,765.0,6.3,9,16,12.49,37.24,in_progress,at_risk
DRV049,Arun Driver49,2024-02-06 07:25:12,488,343.66,72.14,271.52,726.0,10.06,4,6,2.11,40.2,in_progress,ahead
DRV049,Arun Driver49,2024-02-06 09:25:48,1753,511.08,0.0,511.08,0.0,8.05,12,0,0.0,100.0,achieved,ahead
DRV049,Arun Driver49,2024-02-06 09:42:48,1950,462.0,0.0,462.0,0.0,7.77,13,0,0.0,100.0,achieved,ahead
DRV050,Sandeep Driver50,2024-02-06 11:43:48,1272,221.99,45.62,176.37,340.0,7.45,5,2,1.53,78.91,in_progress,ahead
DRV050,Sandeep Driver50,2024-02-06 11:50:48,1478,235.03,18.26,216.77,134.0,7.34,6,1,0.57,91.69,in_progress,ahead
DRV050,Sandeep Driver50,2024-02-06 12:08:48,1673,260.9,0.0,260.9,0.0,7.04,7,0,0.0,100.0,achieved,ahead
DRV052,Vijay Driver52,2024-02-06 07:51:00,630,340.54,169.88,170.66,940.0,5.53,12,18,2.76,40.13,in_progress,ahead
DRV052,Vijay Driver52,2024-02-06 08:07:00,718,291.54,161.77,129.77,852.0,5.27,13,16,2.92,45.73,in_progress,ahead
DRV052,Vijay Driver52,2024-02-06 08:15:00,847,348.59,140.84,207.74,723.0,5.13,14,12,2.07,53.95,in_progress,ahead
DRV053,Deepa Driver53,2024-02-06 11:22:12,1713,318.99,0.0,318.99,0.0,4.71,7,0,0.0,100.0,achieved,ahead
DRV053,Deepa Driver53,2024-02-06 11:36:12,1896,326.65,0.0,326.65,0.0,4.48,8,0,0.0,100.0,achieved,ahead
DRV053,Deepa Driver53,2024-02-06 11:48:12,2064,363.29,0.0,363.29,0.0,4.28,9,0,0.0,100.0,achieved,ahead
DRV054,Amit Driver54,2024-02-06 07:13:48,190,154.47,112.2,42.27,1229.0,10.95,7,46,7.96,13.39,in_progress,ahead
DRV054,Amit Driver54,2024-02-06 12:03:36,1626,268.32,0.0,268.32,0.0,6.12,12,0,0.0,100.0,achieved,ahead
DRV054,Amit Driver54,2024-02-06 12:31:48,1626,249.0,0.0,249.0,0.0,5.65,12,0,0.0,100.0,achieved,ahead
DRV055,Lakshmi Driver55,2024-02-06 13:26:24,1975,265.46,0.0,265.46,0.0,3.29,9,0,0.0,100.0,achieved,ahead
DRV055,Lakshmi Driver55,2024-02-06 13:34:12,1975,260.9,0.0,260.9,0.0,3.16,15,0,0.0,100.0,achieved,ahead
DRV055,Lakshmi Driver55,2024-02-06 13:52:12,1975,239.27,0.0,239.27,0.0,2.86,16,0,0.0,100.0,achieved,ahead
DRV056,Neha Driver56,2024-02-06 09:45:36,182,48.4,204.63,-156.22,1444.0,7.06,5,40,29.83,11.19,in_progress,at_risk
DRV056,Neha Driver56,2024-02-06 10:01:36,394,96.45,181.44,-84.99,1232.0,6.79,6,19,12.77,24.23,in_progress,at_risk
DRV056,Neha Driver56,2024-02-06 10:18:36,619,142.94,154.76,-11.82,1007.0,6.51,7,12,7.04,38.07,in_progress,on_track
DRV057,Rekha Driver57,2024-02-06 08:33:00,307,120.39,187.33,-66.94,1380.0,7.37,15,68,11.46,18.2,in_progress,at_risk
DRV057,Rekha Driver57,2024-02-06 08:52:12,2036,525.0,0.0,525.0,0.0,7.05,14,0,0.0,100.0,achieved,ahead
DRV057,Rekha Driver57,2024-02-06 09:10:00,2200,525.0,0.0,525.0,0.0,6.75,15,0,0.0,100.0,achieved,ahead
DRV057,Rekha Driver57,2024-02-06 09:42:00,2200,525.0,0.0,525.0,0.0,6.22,4,0,0.0,100.0,achieved,ahead
DRV058,Sanjay Driver58,2024-02-06 13:55:12,1169,147.6,0.0,147.6,0.0,2.3,9,0,0.0,100.0,achieved,ahead
DRV058,Sanjay Driver58,2024-02-06 14:05:12,1299,154.31,0.0,154.31,0.0,2.13,10,0,0.0,100.0,achieved,ahead
DRV058,Sanjay Driver58,2024-02-06 14:19:12,1542,185.66,0.0,185.66,0.0,1.9,11,0,0.0,100.0,achieved,ahead
DRV060,Priya Driver60,2024-02-06 12:37:48,2427,366.06,0.0,366.06,0.0,5.29,8,0,0.0,100.0,achieved,ahead
DRV060,Priya Driver60,2024-02-06 12:52:48,2598,355.53,0.0,355.53,0.0,5.04,9,0,0.0,100.0,achieved,ahead
DRV060,Priya Driver60,2024-02-06 13:09:48,2722,385.32,0.0,385.32,0.0,4.75,10,0,0.0,100.0,achieved,ahead
DRV061,Rekha Driver61,2024-02-06 10:30:00,336,74.67,190.37,-115.7,863.0,4.53,1,3,11.56,28.02,in_progress,at_risk
DRV061,Rekha Driver61,2024-02-06 10:43:00,431,88.02,177.92,-89.9,768.0,4.32,2,4,8.73,35.95,in_progress,at_risk
DRV061,Rekha Driver61,2024-02-06 10:58:00,586,115.6,150.74,-35.14,613.0,4.07,3,4,5.3,48.87,in_progress,at_risk
DRV062,Rahul Driver62,2024-02-06 09:19:48,558,167.57,231.36,-63.79,1173.0,5.07,2,5,7.0,32.24,in_progress,at_risk
DRV062,Rahul Driver62,2024-02-06 10:02:24,1318,326.24,94.72,231.51,413.0,4.36,2,1,1.27,76.14,in_progress,ahead
DRV062,Rahul Driver62,2024-02-06 11:28:12,1318,240.95,140.96,100.0,413.0,2.93,4,2,1.71,76.14,in_progress,ahead
DRV064,Deepa Driver64,2024-02-06 08:03:00,2406,516.0,0.0,516.0,0.0,8.02,4,0,0.0,100.0,achieved,ahead
DRV064,Deepa Driver64,2024-02-06 08:22:00,2618,516.0,0.0,516.0,0.0,7.7,5,0,0.0,100.0,achieved,ahead
DRV064,Deepa Driver64,2024-02-06 08:39:00,2699,516.0,0.0,516.0,0.0,7.42,6,0,0.0,100.0,achieved,ahead
DRV067,Lakshmi Driver67,2024-02-06 07:07:12,2018,522.0,0.0,522.0,0.0,12.5,11,0,0.0,100.0,achieved,ahead
DRV067,Lakshmi Driver67,2024-02-06 07:16:12,2131,522.0,0.0,522.0,0.0,12.35,12,0,0.0,100.0,achieved,ahead
DRV067,Lakshmi Driver67,2024-02-06 07:35:12,2329,522.0,0.0,522.0,0.0,12.03,13,0,0.0,100.0,achieved,ahead
DRV068,Deepa Driver68,2024-02-06 12:33:36,1939,295.58,0.0,295.58,0.0,4.39,5,0,0.0,100.0,achieved,ahead
DRV068,Deepa Driver68,2024-02-06 12:51:00,1939,283.07,0.0,283.07,0.0,4.1,6,0,0.0,100.0,achieved,ahead
DRV068,Deepa Driver68,2024-02-06 12:53:24,1939,281.42,0.0,281.42,0.0,4.06,12,0,0.0,100.0,achieved,ahead
DRV068,Deepa Driver68,2024-02-06 13:10:00,2100,295.77,0.0,295.77,0.0,3.78,7,0,0.0,100.0,achieved,ahead
DRV068,Deepa Driver68,2024-02-06 13:25:00,2250,308.22,0.0,308.22,0.0,3.53,8,0,0.0,100.0,achieved,ahead
DRV070,Vijay Driver70,2024-02-06 10:49:48,820,169.77,96.54,73.23,372.0,3.85,12,6,2.19,68.79,in_progress,ahead
DRV070,Vijay Driver70,2024-02-06 10:58:48,945,174.39,66.7,107.69,247.0,3.7,13,4,1.42,79.28,in_progress,ahead
DRV070,Vijay Driver70,2024-02-06 11:10:48,1075,203.73,33.4,170.33,117.0,3.5,14,2,0.57,90.18,in_progress,ahead
DRV071,Pooja Driver71,2024-02-06 08:32:00,385,373.79,186.0,187.79,1178.0,6.33,1,4,3.15,24.63,in_progress,ahead
DRV071,Pooja Driver71,2024-02-06 09:05:00,520,346.67,180.35,166.32,1043.0,5.78,2,5,3.01,33.27,in_progress,ahead
DRV071,Pooja Driver71,2026-03-08 09:17:00,666,310.67,0.0,310.67,0.0,0.0,3,0,0.0,0.0,achieved,ahead
DRV072,Anita Driver72,2024-02-06 08:31:48,694,274.31,96.83,177.48,712.0,7.35,11,12,2.6,49.36,in_progress,ahead
DRV072,Anita Driver72,2024-02-06 08:42:48,877,274.08,73.78,200.3,529.0,7.17,12,8,1.93,62.38,in_progress,ahead
DRV072,Anita Driver72,2024-02-06 08:48:48,1019,322.09,54.74,267.35,387.0,7.07,13,5,1.2,72.48,in_progress,ahead
DRV073,Sanjay Driver73,2024-02-06 13:43:48,256,33.12,188.5,-155.38,852.0,4.52,2,7,25.73,23.1,in_progress,at_risk
DRV073,Sanjay Driver73,2024-02-06 13:49:48,352,42.83,171.04,-128.21,756.0,4.42,3,7,17.65,31.77,in_progress,at_risk
DRV073,Sanjay Driver73,2024-02-06 14:05:48,462,56.25,155.54,-99.29,646.0,4.15,4,6,11.48,41.7,in_progress,at_risk
DRV077,Amit Driver77,2024-02-06 09:13:12,187,58.07,171.14,-113.06,1340.0,7.83,2,15,23.07,12.25,in_progress,at_risk
DRV077,Amit Driver77,2024-02-06 09:34:48,779,217.6,100.13,117.46,748.0,7.47,1,1,3.44,51.02,in_progress,ahead
DRV077,Amit Driver77,2024-02-06 09:48:48,913,208.78,84.85,123.93,614.0,7.24,2,2,2.94,59.79,in_progress,ahead
DRV078,Manoj Driver78,2024-02-06 07:23:24,289,207.91,187.22,20.7,1484.0,7.93,8,42,7.14,16.3,in_progress,on_track
DRV078,Manoj Driver78,2024-02-06 07:38:24,449,224.09,172.47,51.61,1324.0,7.68,9,27,5.91,25.32,in_progress,ahead
DRV078,Manoj Driver78,2024-02-06 07:49:24,646,321.62,150.4,171.22,1127.0,7.49,10,18,3.5,36.44,in_progress,ahead
DRV079,Kavitha Driver79,2024-02-06 07:53:24,2351,534.0,0.0,534.0,0.0,11.23,7,0,0.0,100.0,achieved,ahead
DRV079,Kavitha Driver79,2024-02-06 13:02:24,2351,333.95,0.0,333.95,0.0,6.08,13,0,0.0,100.0,achieved,ahead
DRV079,Kavitha Driver79,2024-02-06 13:25:00,2351,317.7,0.0,317.7,0.0,5.7,14,0,0.0,100.0,achieved,ahead
DRV080,Rahul Driver80,2024-02-06 08:40:48,623,232.46,84.93,147.53,667.0,7.85,2,3,2.87,48.29,in_progress,ahead
DRV080,Rahul Driver80,2024-02-06 09:05:00,780,251.61,68.46,183.16,510.0,7.45,3,2,2.03,60.47,in_progress,ahead
DRV080,Rahul Driver80,2024-02-06 09:43:12,1551,416.94,0.0,416.94,0.0,6.81,12,0,0.0,100.0,achieved,ahead
DRV081,Anita Driver81,2024-02-06 09:07:12,171,54.81,144.05,-89.24,1488.0,10.33,7,61,27.15,10.31,in_progress,at_risk
DRV081,Anita Driver81,2024-02-06 13:26:24,839,112.77,136.44,-23.67,820.0,6.01,6,6,7.27,50.57,in_progress,at_risk
DRV081,Anita Driver81,2024-02-06 13:33:24,993,127.14,113.01,14.13,666.0,5.89,7,5,5.24,59.86,in_progress,on_track
DRV082,Anita Driver82,2024-02-06 08:57:36,2035,612.0,0.0,612.0,0.0,9.32,2,0,0.0,100.0,achieved,ahead
DRV082,Anita Driver82,2024-02-06 11:42:36,2158,377.93,0.0,377.93,0.0,6.57,15,0,0.0,100.0,achieved,ahead
DRV082,Anita Driver82,2024-02-06 12:02:24,2158,357.28,0.0,357.28,0.0,6.24,7,0,0.0,100.0,achieved,ahead
DRV084,Amit Driver84,2024-02-06 07:52:12,2025,591.0,0.0,591.0,0.0,9.01,13,0,0.0,100.0,achieved,ahead
DRV084,Amit Driver84,2024-02-06 08:02:12,2218,591.0,0.0,591.0,0.0,8.85,14,0,0.0,100.0,achieved,ahead
DRV084,Amit Driver84,2024-02-06 08:07:12,2407,591.0,0.0,591.0,0.0,8.76,15,0,0.0,100.0,achieved,ahead
DRV085,Priya Driver85,2024-02-06 12:58:48,522,74.79,158.62,-83.84,1058.0,6.67,7,15,14.15,33.04,in_progress,at_risk
DRV085,Priya Driver85,2024-02-06 13:04:48,633,81.89,144.14,-62.25,947.0,6.57,8,12,11.56,40.06,in_progress,at_risk
DRV085,Priya Driver85,2024-02-06 13:18:48,715,93.37,136.51,-43.14,865.0,6.34,9,11,9.26,45.25,in_progress,at_risk
DRV086,Priya Driver86,2024-02-06 10:23:24,411,93.62,146.84,-53.22,1000.0,6.81,9,22,10.68,29.13,in_progress,at_risk
DRV086,Priya Driver86,2024-02-06 10:29:24,567,111.69,125.78,-14.09,844.0,6.71,10,15,7.56,40.18,in_progress,at_risk
DRV086,Priya Driver86,2024-02-06 10:36:24,675,142.72,111.63,31.09,736.0,6.59,11,12,5.16,47.84,in_progress,ahead
DRV088,Lakshmi Driver88,2024-02-06 06:51:00,1381,573.0,0.0,573.0,0.0,7.83,15,0,0.0,100.0,achieved,ahead
DRV088,Lakshmi Driver88,2024-02-06 07:10:00,1541,573.0,0.0,573.0,0.0,7.52,16,0,0.0,100.0,achieved,ahead
DRV088,Lakshmi Driver88,2024-02-06 07:23:00,1663,573.0,0.0,573.0,0.0,7.3,17,0,0.0,100.0,achieved,ahead
DRV089,Kavita Driver89,2024-02-06 10:15:00,1046,246.12,11.69,234.43,68.0,5.82,3,1,0.28,93.9,in_progress,ahead
DRV089,Kavita Driver89,2024-02-06 10:45:00,1150,239.58,0.0,239.58,0.0,5.32,4,0,0.0,100.0,achieved,ahead
DRV089,Kavita Driver89,2026-03-08 10:58:00,1293,239.89,0.0,239.89,0.0,0.0,5,0,0.0,0.0,achieved,ahead
DRV090,Anita Driver90,2024-02-06 08:40:48,2126,552.0,0.0,552.0,0.0,8.19,4,0,0.0,100.0,achieved,ahead
DRV090,Anita Driver90,2024-02-06 08:45:48,2277,552.0,0.0,552.0,0.0,8.1,5,0,0.0,100.0,achieved,ahead
DRV090,Anita Driver90,2024-02-06 09:03:48,2424,552.0,0.0,552.0,0.0,7.8,6,0,0.0,100.0,achieved,ahead
DRV091,Kavita Driver91,2024-02-06 11:03:36,323,63.83,135.98,-72.15,810.0,5.96,11,28,12.69,28.51,in_progress,at_risk
DRV091,Kavita Driver91,2024-02-06 11:17:36,408,70.1,126.67,-56.58,725.0,5.72,12,22,10.34,36.01,in_progress,at_risk
DRV091,Kavita Driver91,2024-02-06 11:31:36,643,111.43,89.25,22.18,490.0,5.49,13,10,4.4,56.75,in_progress,ahead
DRV092,Kavitha Driver92,2024-02-06 11:51:36,939,160.24,77.81,82.42,553.0,7.11,11,7,3.45,62.94,in_progress,ahead
DRV092,Kavitha Driver92,2024-02-06 11:58:36,1148,182.57,49.21,133.35,344.0,6.99,12,4,1.88,76.94,in_progress,ahead
DRV092,Kavitha Driver92,2024-02-06 12:09:36,1345,205.81,21.6,184.22,147.0,6.81,13,2,0.71,90.15,in_progress,ahead
DRV095,Vijay Driver95,2024-02-06 07:31:48,2307,585.0,0.0,585.0,0.0,10.14,10,0,0.0,100.0,achieved,ahead
DRV095,Vijay Driver95,2024-02-06 07:38:00,2307,585.0,0.0,585.0,0.0,10.03,2,0,0.0,100.0,achieved,ahead
DRV095,Vijay Driver95,2024-02-06 08:15:00,2307,585.0,0.0,585.0,0.0,9.42,3,0,0.0,100.0,achieved,ahead
DRV095,Vijay Driver95,2024-02-06 08:55:48,2307,585.0,0.0,585.0,0.0,8.74,5,0,0.0,100.0,achieved,ahead
DRV095,Vijay Driver95,2024-02-06 11:39:36,2307,407.6,0.0,407.6,0.0,6.01,11,0,0.0,100.0,achieved,ahead
DRV096,Rahul Driver96,2024-02-06 10:21:36,2189,502.06,0.0,502.06,0.0,4.36,12,0,0.0,100.0,achieved,ahead
DRV096,Rahul Driver96,2024-02-06 11:15:00,2189,416.95,0.0,416.95,0.0,3.47,7,0,0.0,100.0,achieved,ahead
DRV096,Rahul Driver96,2024-02-06 11:40:00,2189,364.83,0.0,364.83,0.0,3.05,8,0,0.0,100.0,achieved,ahead
DRV098,Lakshmi Driver98,2024-02-06 09:28:12,2077,598.56,0.0,598.56,0.0,8.46,6,0,0.0,100.0,achieved,ahead
DRV098,Lakshmi Driver98,2024-02-06 09:44:12,2293,606.0,0.0,606.0,0.0,8.2,7,0,0.0,100.0,achieved,ahead
DRV098,Lakshmi Driver98,2024-02-06 09:50:12,2496,606.0,0.0,606.0,0.0,8.1,8,0,0.0,100.0,achieved,ahead
DRV099,Pooja Driver99,2024-02-06 08:31:12,600,238.1,145.04,93.05,512.0,3.53,6,6,2.15,53.96,in_progress,ahead
DRV099,Pooja Driver99,2024-02-06 08:50:12,787,249.97,101.14,148.82,325.0,3.21,7,3,1.3,70.77,in_progress,ahead
DRV099,Pooja Driver99,2024-02-06 09:08:12,887,287.94,77.23,210.71,225.0,2.91,8,3,0.78,79.77,in_progress,ahead
DRV100,Deepa Driver100,2024-02-06 06:34:12,1602,513.0,0.0,513.0,0.0,9.36,8,0,0.0,100.0,achieved,ahead
DRV100,Deepa Driver100,2024-02-06 07:51:00,2090,513.0,0.0,513.0,0.0,8.08,2,0,0.0,100.0,achieved,ahead
DRV100,Deepa Driver100,2024-02-06 08:19:48,2090,513.0,0.0,513.0,0.0,7.6,11,0,0.0,100.0,achieved,ahead
DRV101,Arun Driver101,2024-02-06 11:26:24,1351,248.35,0.0,248.35,0.0,2.36,3,0,0.0,100.0,achieved,ahead
DRV101,Arun Driver101,2024-02-06 11:33:24,1488,239.07,0.0,239.07,0.0,2.24,4,0,0.0,100.0,achieved,ahead
DRV101,Arun Driver101,2024-02-06 11:51:24,1635,270.0,0.0,270.0,0.0,1.94,5,0,0.0,100.0,achieved,ahead
DRV102,Neha Driver102,2024-02-06 08:37:12,1309,499.62,0.0,499.62,0.0,8.4,12,0,0.0,100.0,achieved,ahead
DRV102,Neha Driver102,2024-02-06 08:49:12,1413,450.64,0.0,450.64,0.0,8.2,13,0,0.0,100.0,achieved,ahead
DRV102,Neha Driver102,2024-02-06 09:06:12,1642,483.42,0.0,483.42,0.0,7.91,14,0,0.0,100.0,achieved,ahead
DRV103,Amit Driver103,2024-02-06 07:28:00,245,166.67,133.43,33.24,1292.0,9.68,1,6,7.75,15.94,in_progress,ahead
DRV103,Amit Driver103,2024-02-06 08:05:00,320,160.0,134.23,25.77,1217.0,9.07,2,8,7.61,20.82,in_progress,on_track
DRV103,Amit Driver103,2024-02-06 12:13:48,320,51.36,247.36,-195.99,1217.0,4.92,3,12,23.69,20.82,in_progress,at_risk
DRV104,Vijay Driver104,2024-02-06 11:55:12,585,98.82,234.46,-135.64,855.0,3.65,11,17,8.65,40.62,in_progress,at_risk
DRV104,Vijay Driver104,2024-02-06 12:08:12,671,100.76,224.2,-123.44,769.0,3.43,12,14,7.63,46.6,in_progress,at_risk
DRV104,Vijay Driver104,2024-02-06 12:15:12,837,128.08,181.99,-53.91,603.0,3.31,13,10,4.71,58.13,in_progress,at_risk
DRV105,Vijay Driver105,2024-02-06 12:59:24,2493,356.65,0.0,356.65,0.0,5.24,5,0,0.0,100.0,achieved,ahead
DRV105,Vijay Driver105,2024-02-06 13:12:24,2643,355.83,0.0,355.83,0.0,5.03,6,0,0.0,100.0,achieved,ahead
DRV105,Vijay Driver105,2024-02-06 13:20:24,2880,382.29,0.0,382.29,0.0,4.89,7,0,0.0,100.0,achieved,ahead
DRV107,Priya Driver107,2024-02-06 07:07:48,385,340.71,155.23,185.48,787.0,5.07,9,19,2.31,32.85,in_progress,ahead
DRV107,Priya Driver107,2024-02-06 07:24:48,624,421.67,114.48,307.18,548.0,4.79,10,9,1.3,53.24,in_progress,ahead
DRV107,Priya Driver107,2024-02-06 07:36:48,833,504.8,73.91,430.89,339.0,4.59,11,5,0.67,71.08,in_progress,ahead
DRV108,Naveen Driver108,2024-02-06 09:15:00,1973,606.0,0.0,606.0,0.0,4.6,2,0,0.0,100.0,achieved,ahead
DRV108,Naveen Driver108,2024-02-06 09:23:00,2156,554.06,0.0,554.06,0.0,4.47,3,0,0.0,100.0,achieved,ahead
DRV108,Naveen Driver108,2024-02-06 09:35:00,2294,598.63,0.0,598.63,0.0,4.27,4,0,0.0,100.0,achieved,ahead
DRV109,Naveen Driver109,2024-02-06 08:13:12,759,341.89,70.56,271.33,843.0,11.95,7,8,2.47,47.38,in_progress,ahead
DRV109,Naveen Driver109,2024-02-06 12:09:00,759,123.41,105.16,18.26,843.0,8.02,11,13,6.83,47.38,in_progress,on_track
DRV109,Naveen Driver109,2024-02-06 12:26:00,851,129.39,97.11,32.28,751.0,7.73,12,11,5.8,53.12,in_progress,ahead
DRV113,Deepa Driver113,2024-02-06 12:33:36,2168,330.49,0.0,330.49,0.0,3.92,7,0,0.0,100.0,achieved,ahead
DRV113,Deepa Driver113,2024-02-06 13:31:12,2168,288.3,0.0,288.3,0.0,2.96,14,0,0.0,100.0,achieved,ahead
DRV113,Deepa Driver113,2024-02-06 13:46:12,2168,265.34,0.0,265.34,0.0,2.71,15,0,0.0,100.0,achieved,ahead
DRV114,Shweta Driver114,2024-02-06 10:22:00,1148,340.65,50.8,289.86,149.0,2.93,3,1,0.44,88.51,in_progress,ahead
DRV114,Shweta Driver114,2024-02-06 11:05:00,1320,321.95,0.0,321.95,0.0,2.22,4,0,0.0,100.0,achieved,ahead
DRV114,Shweta Driver114,2026-03-08 11:12:00,1552,340.36,0.0,340.36,0.0,0.0,5,0,0.0,0.0,achieved,ahead
DRV115,Vijay Driver115,2024-02-06 11:19:48,414,77.67,155.85,-78.17,1146.0,7.35,15,42,14.75,26.54,in_progress,at_risk
DRV115,Vijay Driver115,2024-02-06 11:45:00,500,86.21,152.88,-66.68,1060.0,6.93,16,34,12.3,32.05,in_progress,at_risk
DRV115,Vijay Driver115,2024-02-06 12:28:48,1645,253.86,0.0,253.86,0.0,6.2,9,0,0.0,100.0,achieved,ahead
DRV115,Vijay Driver115,2024-02-06 12:40:48,1645,246.26,0.0,246.26,0.0,6.0,12,0,0.0,100.0,achieved,ahead
DRV115,Vijay Driver115,2024-02-06 13:00:00,1750,253.62,0.0,253.62,0.0,5.68,10,0,0.0,100.0,achieved,ahead
DRV116,Deepa Driver116,2024-02-06 07:40:12,1769,537.0,0.0,537.0,0.0,4.91,12,0,0.0,100.0,achieved,ahead
DRV116,Deepa Driver116,2024-02-06 07:59:12,1911,537.0,0.0,537.0,0.0,4.6,13,0,0.0,100.0,achieved,ahead
DRV116,Deepa Driver116,2024-02-06 08:13:12,2143,537.0,0.0,537.0,0.0,4.36,14,0,0.0,100.0,achieved,ahead
DRV117,Lakshmi Driver117,2024-02-06 13:11:24,1184,164.67,32.35,132.32,154.0,4.76,6,1,0.94,88.49,in_progress,ahead
DRV117,Lakshmi Driver117,2024-02-06 13:22:24,1275,161.6,13.77,147.83,63.0,4.58,7,1,0.39,95.29,in_progress,ahead
DRV117,Lakshmi Driver117,2024-02-06 13:27:24,1479,191.42,0.0,191.42,0.0,4.49,8,0,0.0,100.0,achieved,ahead
DRV118,Anita Driver118,2024-02-06 11:58:12,464,77.72,145.21,-67.49,682.0,4.7,3,5,8.77,40.49,in_progress,at_risk
DRV118,Anita Driver118,2024-02-06 12:15:00,1301,208.16,0.0,208.16,0.0,4.42,12,0,0.0,100.0,achieved,ahead
DRV118,Anita Driver118,2024-02-06 12:34:00,1493,216.09,0.0,216.09,0.0,4.1,13,0,0.0,100.0,achieved,ahead
DRV121,Shweta Driver121,2024-02-06 08:46:48,1519,546.0,41.82,504.18,281.0,6.72,11,3,0.51,84.39,in_progress,ahead
DRV121,Shweta Driver121,2024-02-06 11:48:00,2091,360.52,0.0,360.52,0.0,3.7,12,0,0.0,100.0,achieved,ahead
DRV121,Shweta Driver121,2024-02-06 13:25:12,2091,281.81,0.0,281.81,0.0,2.08,14,0,0.0,100.0,achieved,ahead
DRV123,Kiran Driver123,2024-02-06 13:39:36,1433,187.08,55.5,131.57,116.0,2.09,12,1,0.62,92.51,in_progress,ahead
DRV123,Kiran Driver123,2024-02-06 14:05:00,1520,190.0,17.4,172.6,29.0,1.67,13,1,0.15,98.13,in_progress,ahead
DRV123,Kiran Driver123,2026-03-08 14:22:00,1664,196.99,0.0,196.99,0.0,0.0,14,0,0.0,0.0,achieved,ahead
DRV125,Amit Driver125,2024-02-06 12:04:48,1874,308.22,0.0,308.22,0.0,6.02,3,0,0.0,100.0,achieved,ahead
DRV125,Amit Driver125,2024-02-06 13:40:48,1874,244.01,0.0,244.01,0.0,4.42,9,0,0.0,100.0,achieved,ahead
DRV125,Amit Driver125,2024-02-06 13:56:48,1874,222.1,0.0,222.1,0.0,4.15,10,0,0.0,100.0,achieved,ahead
DRV126,Ravi Driver126,2024-02-06 09:27:00,2394,579.0,0.0,579.0,0.0,8.27,6,0,0.0,100.0,achieved,ahead
DRV126,Ravi Driver126,2024-02-06 09:37:00,2541,579.0,0.0,579.0,0.0,8.1,7,0,0.0,100.0,achieved,ahead
DRV126,Ravi Driver126,2024-02-06 09:53:00,2786,579.0,0.0,579.0,0.0,7.83,8,0,0.0,100.0,achieved,ahead
DRV127,Kiran Driver127,2024-02-06 10:48:00,625,130.21,180.0,-49.79,1101.0,6.12,14,25,8.46,36.21,in_progress,at_risk
DRV127,Kiran Driver127,2024-02-06 11:15:00,720,138.46,177.53,-39.07,1006.0,5.67,15,21,7.27,41.71,in_progress,at_risk
DRV127,Kiran Driver127,2024-02-06 12:16:48,1167,185.83,120.56,65.27,559.0,4.64,3,2,3.01,67.61,in_progress,ahead
DRV128,Vijay Driver128,2024-02-06 06:30:36,625,528.0,56.57,471.43,716.0,12.66,11,13,1.36,46.61,in_progress,ahead
DRV128,Vijay Driver128,2024-02-06 11:30:00,1163,211.45,23.22,188.24,178.0,7.67,4,1,0.84,86.73,in_progress,ahead
DRV128,Vijay Driver128,2024-02-06 11:45:00,1260,204.19,10.92,193.27,81.0,7.42,5,1,0.4,93.96,in_progress,ahead
DRV130,Kavitha Driver130,2024-02-06 09:15:36,1927,582.0,0.0,582.0,0.0,3.74,2,0,0.0,100.0,achieved,ahead
DRV130,Kavitha Driver130,2024-02-06 11:57:36,2306,386.91,0.0,386.91,0.0,1.04,10,0,0.0,100.0,achieved,ahead
DRV130,Kavitha Driver130,2024-02-06 12:12:36,2542,394.36,0.0,394.36,0.0,0.79,11,0,0.0,100.0,achieved,ahead
DRV132,Neha Driver132,2024-02-06 12:53:24,1201,174.31,7483.33,-7309.02,449.0,0.06,2,1,2.58,72.79,in_progress,at_risk
DRV132,Neha Driver132,2024-02-06 13:08:24,1201,168.21,0.0,168.21,449.0,0.0,11,5,2.67,72.79,in_progress,on_track
DRV132,Neha Driver132,2024-02-06 13:14:24,1201,159.99,0.0,159.99,449.0,0.0,12,5,2.81,72.79,in_progress,on_track
DRV133,Sanjay Driver133,2024-02-06 07:55:12,871,453.65,92.64,361.01,835.0,9.01,12,12,1.84,51.06,in_progress,ahead
DRV133,Sanjay Driver133,2024-02-06 08:00:12,962,408.36,83.31,325.04,744.0,8.93,13,11,1.82,56.39,in_progress,ahead
DRV133,Sanjay Driver133,2024-02-06 08:10:12,1143,459.2,64.24,394.95,563.0,8.76,14,7,1.23,67.0,in_progress,ahead
DRV134,Priya Driver134,2024-02-06 11:39:00,188,33.27,533.57,-500.3,1245.0,2.33,11,73,37.42,13.12,in_progress,at_risk
DRV134,Priya Driver134,2024-02-06 11:50:00,375,62.94,492.09,-429.15,1058.0,2.15,12,34,16.81,26.17,in_progress,at_risk
DRV134,Priya Driver134,2024-02-06 12:07:00,515,81.02,491.79,-410.76,918.0,1.87,13,24,11.33,35.94,in_progress,at_risk
DRV135,Neha Driver135,2024-02-06 07:07:12,2140,510.0,0.0,510.0,0.0,9.11,4,0,0.0,100.0,achieved,ahead
DRV135,Neha Driver135,2024-02-06 13:13:12,2140,296.4,0.0,296.4,0.0,3.01,6,0,0.0,100.0,achieved,ahead
DRV135,Neha Driver135,2024-02-06 13:19:12,2140,276.07,0.0,276.07,0.0,2.91,7,0,0.0,100.0,achieved,ahead
DRV136,Sanjay Driver136,2024-02-06 07:36:00,1269,510.0,0.0,510.0,0.0,7.97,5,0,0.0,100.0,achieved,ahead
DRV136,Sanjay Driver136,2024-02-06 07:55:00,1515,510.0,0.0,510.0,0.0,7.65,6,0,0.0,100.0,achieved,ahead
DRV136,Sanjay Driver136,2024-02-06 08:06:00,1701,510.0,0.0,510.0,0.0,7.47,7,0,0.0,100.0,achieved,ahead
DRV137,Anita Driver137,2024-02-06 07:01:48,984,564.0,96.01,467.99,698.0,7.27,11,8,1.24,58.5,in_progress,ahead
DRV137,Anita Driver137,2024-02-06 11:35:24,1170,209.3,188.93,20.37,512.0,2.71,12,6,2.45,69.56,in_progress,on_track
DRV137,Anita Driver137,2024-02-06 11:49:24,1353,215.24,132.84,82.4,329.0,2.48,13,4,1.53,80.44,in_progress,ahead
DRV139,Lakshmi Driver139,2024-02-06 07:01:12,919,525.0,38.71,486.29,416.0,10.75,7,4,0.79,68.84,in_progress,ahead
DRV139,Lakshmi Driver139,2024-02-06 09:40:12,919,250.41,51.38,199.03,416.0,8.1,3,2,1.66,68.84,in_progress,ahead
DRV139,Lakshmi Driver139,2024-02-06 09:55:12,919,220.69,53.02,167.67,416.0,7.85,4,2,1.89,68.84,in_progress,ahead
DRV140,Sandeep Driver140,2024-02-06 06:30:00,317,612.0,92.47,519.53,1068.0,11.55,4,14,1.75,22.89,in_progress,ahead
DRV140,Sandeep Driver140,2024-02-06 06:46:00,455,385.02,82.42,302.6,930.0,11.28,5,11,2.42,32.85,in_progress,ahead
DRV140,Sandeep Driver140,2024-02-06 07:01:00,662,610.34,65.53,544.82,723.0,11.03,6,7,1.18,47.8,in_progress,ahead
DRV141,Arun Driver141,2024-02-06 12:22:12,580,91.05,119.58,-28.53,747.0,6.25,3,4,8.2,43.71,in_progress,at_risk
DRV141,Arun Driver141,2024-02-06 12:27:12,755,108.14,92.81,15.33,572.0,6.16,4,4,5.29,56.9,in_progress,on_track
DRV141,Arun Driver141,2024-02-06 12:37:12,853,123.18,79.04,44.14,474.0,6.0,5,3,3.85,64.28,in_progress,ahead
DRV142,Kavitha Driver142,2024-02-06 07:28:48,585,395.27,133.55,261.72,1031.0,7.72,2,4,2.61,36.2,in_progress,ahead
DRV142,Kavitha Driver142,2024-02-06 11:02:24,2316,459.52,0.0,459.52,0.0,4.16,11,0,0.0,100.0,achieved,ahead
DRV142,Kavitha Driver142,2024-02-06 11:17:24,2430,448.76,0.0,448.76,0.0,3.91,12,0,0.0,100.0,achieved,ahead
DRV144,Deepa Driver144,2024-02-06 09:30:36,1748,498.01,0.0,498.01,0.0,6.02,4,0,0.0,100.0,achieved,ahead
DRV144,Deepa Driver144,2024-02-06 13:01:48,1748,248.65,0.0,248.65,0.0,2.5,10,0,0.0,100.0,achieved,ahead
DRV144,Deepa Driver144,2024-02-06 13:17:48,1748,233.28,0.0,233.28,0.0,2.24,11,0,0.0,100.0,achieved,ahead
DRV145,Anita Driver145,2024-02-06 13:11:24,1904,264.81,0.0,264.81,0.0,3.73,13,0,0.0,100.0,achieved,ahead
DRV145,Anita Driver145,2024-02-06 13:22:24,2035,259.12,0.0,259.12,0.0,3.54,14,0,0.0,100.0,achieved,ahead
DRV145,Anita Driver145,2024-02-06 13:30:24,2195,290.62,0.0,290.62,0.0,3.41,15,0,0.0,100.0,achieved,ahead
DRV146,Sanjay Driver146,2024-02-06 06:32:24,1927,522.0,0.0,522.0,0.0,10.81,2,0,0.0,100.0,achieved,ahead
DRV146,Sanjay Driver146,2024-02-06 10:38:24,1927,415.3,0.0,415.3,0.0,6.71,4,0,0.0,100.0,achieved,ahead
DRV146,Sanjay Driver146,2024-02-06 13:33:00,1927,255.23,0.0,255.23,0.0,3.8,9,0,0.0,100.0,achieved,ahead
DRV147,Manoj Driver147,2024-02-06 07:03:00,145,263.64,148.81,114.83,1498.0,10.07,1,11,5.68,8.83,in_progress,ahead
DRV147,Manoj Driver147,2024-02-06 07:18:00,210,262.5,145.98,116.52,1433.0,9.82,2,14,5.46,12.78,in_progress,ahead
DRV147,Manoj Driver147,2026-03-08 07:32:00,310,226.6,0.0,226.6,0.0,0.0,3,0,0.0,0.0,achieved,ahead
DRV148,Kiran Driver148,2024-02-06 08:04:48,1280,528.0,0.0,528.0,0.0,9.69,2,0,0.0,100.0,achieved,ahead
DRV148,Kiran Driver148,2024-02-06 08:10:48,1396,528.0,0.0,528.0,0.0,9.59,3,0,0.0,100.0,achieved,ahead
DRV148,Kiran Driver148,2024-02-06 08:23:48,1573,528.0,0.0,528.0,0.0,9.37,4,0,0.0,100.0,achieved,ahead
DRV149,Manoj Driver149,2024-02-06 07:03:36,1878,567.0,0.0,567.0,0.0,7.04,5,0,0.0,100.0,achieved,ahead
DRV149,Manoj Driver149,2024-02-06 07:22:36,1990,567.0,0.0,567.0,0.0,6.72,6,0,0.0,100.0,achieved,ahead
DRV149,Manoj Driver149,2024-02-06 07:41:36,2109,567.0,0.0,567.0,0.0,6.41,7,0,0.0,100.0,achieved,ahead
DRV151,Kavita Driver151,2024-02-06 06:54:00,1245,591.0,36.26,554.74,449.0,12.38,6,3,0.76,73.49,in_progress,ahead
DRV151,Kavita Driver151,2024-02-06 08:21:00,1862,591.0,0.0,591.0,0.0,10.93,3,0,0.0,100.0,achieved,ahead
DRV151,Kavita Driver151,2024-02-06 10:16:12,2069,484.54,0.0,484.54,0.0,9.01,7,0,0.0,100.0,achieved,ahead
DRV153,Anita Driver153,2024-02-06 12:44:24,1173,174.04,67.11,106.92,466.0,6.94,5,2,2.68,71.57,in_progress,ahead
DRV153,Anita Driver153,2024-02-06 12:49:24,1372,185.29,38.92,146.37,267.0,6.86,6,2,1.44,83.71,in_progress,ahead
DRV153,Anita Driver153,2024-02-06 13:00:24,1591,223.43,7.19,216.24,48.0,6.68,7,1,0.21,97.07,in_progress,ahead
DRV155,Sanjay Driver155,2024-02-06 09:40:12,1532,417.44,0.0,417.44,0.0,3.91,6,0,0.0,100.0,achieved,ahead
DRV155,Sanjay Driver155,2024-02-06 09:47:12,1614,373.44,0.0,373.44,0.0,3.8,7,0,0.0,100.0,achieved,ahead
DRV155,Sanjay Driver155,2024-02-06 10:03:12,1776,439.33,0.0,439.33,0.0,3.53,8,0,0.0,100.0,achieved,ahead
DRV157,Kavita Driver157,2024-02-06 11:24:00,1713,317.22,0.0,317.22,0.0,4.27,14,0,0.0,100.0,achieved,ahead
DRV157,Kavita Driver157,2024-02-06 11:55:00,1800,300.0,0.0,300.0,0.0,3.75,15,0,0.0,100.0,achieved,ahead
DRV157,Kavita Driver157,2026-03-08 12:01:00,1937,295.18,0.0,295.18,0.0,0.0,16,0,0.0,0.0,achieved,ahead
DRV158,Lakshmi Driver158,2024-02-06 08:56:24,671,228.23,231.94,-3.71,961.0,4.14,9,13,4.21,41.12,in_progress,on_track
DRV158,Lakshmi Driver158,2024-02-06 11:12:00,758,145.77,464.07,-318.3,874.0,1.88,4,5,6.0,46.45,in_progress,at_risk
DRV158,Lakshmi Driver158,2024-02-06 11:29:00,839,144.86,495.62,-350.77,793.0,1.6,5,5,5.47,51.41,in_progress,at_risk
DRV160,Priya Driver160,2024-02-06 07:19:12,1253,606.0,2.82,603.18,22.0,7.8,11,1,0.04,98.27,in_progress,ahead
DRV160,Priya Driver160,2024-02-06 07:33:12,1399,606.0,0.0,606.0,0.0,7.56,12,0,0.0,100.0,achieved,ahead
DRV160,Priya Driver160,2024-02-06 07:43:12,1626,606.0,0.0,606.0,0.0,7.4,13,0,0.0,100.0,achieved,ahead
DRV161,Rahul Driver161,2024-02-06 11:46:48,1343,232.35,59.41,172.94,223.0,3.75,1,1,0.96,85.76,in_progress,ahead
DRV161,Rahul Driver161,2024-02-06 11:54:48,1481,238.6,23.48,215.12,85.0,3.62,2,1,0.36,94.57,in_progress,ahead
DRV161,Rahul Driver161,2024-02-06 12:00:48,1597,259.48,0.0,259.48,0.0,3.52,3,0,0.0,100.0,achieved,ahead
DRV162,Manoj Driver162,2024-02-06 08:15:00,540,259.62,174.93,84.69,1242.0,7.1,3,7,4.78,30.3,in_progress,ahead
DRV162,Manoj Driver162,2024-02-06 08:42:00,690,276.0,164.21,111.79,1092.0,6.65,4,7,3.96,38.72,in_progress,ahead
DRV162,Manoj Driver162,2026-03-08 09:00:00,842,267.78,0.0,267.78,0.0,0.0,5,0,0.0,0.0,achieved,ahead
DRV163,Pooja Driver163,2024-02-06 18:42:00,580,263.64,1310.0,-1046.36,786.0,0.6,2,3,2.98,42.46,in_progress,at_risk
DRV163,Pooja Driver163,2026-03-08 18:49:00,745,262.63,0.0,262.63,0.0,0.0,3,0,0.0,0.0,achieved,ahead
DRV163,Pooja Driver163,2026-03-08 19:00:00,904,317.75,0.0,317.75,0.0,0.0,4,0,0.0,0.0,achieved,ahead
DRV164,Manoj Driver164,2024-02-06 10:54:00,318,64.9,251.01,-186.11,1163.0,4.63,4,15,17.92,21.47,in_progress,at_risk
DRV164,Manoj Driver164,2024-02-06 11:06:00,490,89.55,223.53,-133.98,991.0,4.43,5,11,11.07,33.09,in_progress,at_risk
DRV164,Manoj Driver164,2024-02-06 11:16:00,663,127.45,191.72,-64.27,818.0,4.27,6,8,6.42,44.77,in_progress,at_risk
DRV167,Kavita Driver167,2024-02-06 08:31:12,1478,519.0,16.01,502.99,112.0,7.0,11,1,0.22,92.96,in_progress,ahead
DRV167,Kavita Driver167,2024-02-06 12:25:48,2213,344.17,0.0,344.17,0.0,3.09,10,0,0.0,100.0,achieved,ahead
DRV167,Kavita Driver167,2024-02-06 12:32:48,2406,352.84,0.0,352.84,0.0,2.97,11,0,0.0,100.0,achieved,ahead
DRV169,Deepa Driver169,2024-02-06 07:13:12,2155,555.0,0.0,555.0,0.0,10.56,12,0,0.0,100.0,achieved,ahead
DRV169,Deepa Driver169,2024-02-06 13:46:12,2155,277.35,0.0,277.35,0.0,4.01,15,0,0.0,100.0,achieved,ahead
DRV169,Deepa Driver169,2024-02-06 13:52:12,2155,262.82,0.0,262.82,0.0,3.91,16,0,0.0,100.0,achieved,ahead
DRV170,Lakshmi Driver170,2024-02-06 07:49:48,1295,576.0,40.85,535.15,329.0,8.05,9,3,0.57,79.74,in_progress,ahead
DRV170,Lakshmi Driver170,2024-02-06 09:32:24,1295,365.82,51.87,313.95,329.0,6.34,4,2,0.9,79.74,in_progress,ahead
DRV170,Lakshmi Driver170,2024-02-06 09:40:24,1295,334.88,52.98,281.9,329.0,6.21,5,2,0.98,79.74,in_progress,ahead
DRV173,Shweta Driver173,2024-02-06 10:30:00,977,217.11,55.61,161.5,418.0,7.52,1,1,1.93,70.04,in_progress,ahead
DRV173,Shweta Driver173,2024-02-06 13:16:48,2294,315.11,0.0,315.11,0.0,4.74,2,0,0.0,100.0,achieved,ahead
DRV173,Shweta Driver173,2024-02-06 13:34:48,2428,311.84,0.0,311.84,0.0,4.44,3,0,0.0,100.0,achieved,ahead
DRV174,Priya Driver174,2024-02-06 10:05:24,2500,594.0,0.0,594.0,0.0,6.71,8,0,0.0,100.0,achieved,ahead
DRV174,Priya Driver174,2024-02-06 10:40:00,2700,586.96,0.0,586.96,0.0,6.13,9,0,0.0,100.0,achieved,ahead
DRV174,Priya Driver174,2026-03-08 10:46:00,2792,549.6,0.0,549.6,0.0,0.0,10,0,0.0,0.0,achieved,ahead
DRV175,Kavita Driver175,2024-02-06 09:54:36,1154,295.14,52.88,242.26,330.0,6.24,2,1,1.12,77.76,in_progress,ahead
DRV175,Kavita Driver175,2024-02-06 10:08:36,1239,280.66,40.79,239.87,245.0,6.01,3,1,0.87,83.49,in_progress,ahead
DRV175,Kavita Driver175,2024-02-06 10:18:36,1354,316.66,22.26,294.4,130.0,5.84,4,1,0.41,91.24,in_progress,ahead
DRV176,Deepa Driver176,2024-02-06 06:52:00,168,193.1,153.09,40.02,1513.0,9.88,1,10,7.84,9.99,in_progress,ahead
DRV176,Deepa Driver176,2024-02-06 07:20:00,250,208.33,151.96,56.37,1431.0,9.42,2,12,6.87,14.87,in_progress,ahead
DRV176,Deepa Driver176,2024-02-06 07:53:24,1914,561.0,0.0,561.0,0.0,8.86,6,0,0.0,100.0,achieved,ahead
DRV177,Naveen Driver177,2024-02-06 13:53:24,1479,187.45,0.0,187.45,0.0,2.79,14,0,0.0,100.0,achieved,ahead
DRV177,Naveen Driver177,2024-02-06 14:03:24,1691,198.02,0.0,198.02,0.0,2.63,15,0,0.0,100.0,achieved,ahead
DRV177,Naveen Driver177,2024-02-06 14:09:24,1875,227.98,0.0,227.98,0.0,2.53,16,0,0.0,100.0,achieved,ahead
DRV182,Kavitha Driver182,2024-02-06 17:58:00,312,321.65,0.0,321.65,1115.0,0.0,1,4,3.47,21.86,in_progress,on_track
DRV182,Kavitha Driver182,2026-03-08 18:13:00,459,279.7,0.0,279.7,0.0,0.0,2,0,0.0,0.0,achieved,ahead
DRV182,Kavitha Driver182,2026-03-08 18:31:00,599,409.6,0.0,409.6,0.0,0.0,3,0,0.0,0.0,achieved,ahead
DRV186,Arun Driver186,2024-02-06 09:19:12,754,227.11,92.06,135.05,842.0,9.15,11,13,3.71,47.24,in_progress,ahead
DRV186,Arun Driver186,2024-02-06 09:35:12,869,225.1,81.87,143.23,727.0,8.88,12,11,3.23,54.45,in_progress,ahead
DRV186,Arun Driver186,2024-02-06 09:47:12,1077,282.2,59.79,222.41,519.0,8.68,13,7,1.84,67.48,in_progress,ahead
DRV188,Sandeep Driver188,2024-02-06 07:56:24,673,346.91,65.93,280.98,505.0,7.66,12,10,1.46,57.13,in_progress,ahead
DRV188,Sandeep Driver188,2024-02-06 09:33:36,697,195.79,79.64,116.15,481.0,6.04,5,4,2.46,59.17,in_progress,ahead
DRV188,Sandeep Driver188,2024-02-06 09:47:36,917,237.4,44.95,192.45,261.0,5.81,6,2,1.1,77.84,in_progress,ahead
DRV189,Naveen Driver189,2024-02-06 12:03:00,1543,255.04,0.0,255.04,0.0,4.85,12,0,0.0,100.0,achieved,ahead
DRV189,Naveen Driver189,2024-02-06 12:25:00,1700,261.54,0.0,261.54,0.0,4.48,13,0,0.0,100.0,achieved,ahead
DRV189,Naveen Driver189,2026-03-08 12:41:00,1828,260.62,0.0,260.62,0.0,0.0,14,0,0.0,0.0,achieved,ahead
DRV190,Amit Driver190,2024-02-06 08:52:12,778,271.08,103.09,167.99,467.0,4.53,7,5,1.72,62.49,in_progress,ahead
DRV190,Amit Driver190,2024-02-06 09:11:12,896,279.48,82.83,196.65,349.0,4.21,8,4,1.25,71.97,in_progress,ahead
DRV190,Amit Driver190,2024-02-06 09:28:12,1145,333.2,25.45,307.76,100.0,3.93,9,1,0.3,91.97,in_progress,ahead
DRV191,Kiran Driver191,2024-02-06 08:48:00,2300,552.0,0.0,552.0,0.0,7.1,4,0,0.0,100.0,achieved,ahead
DRV191,Kiran Driver191,2024-02-06 09:07:00,2433,552.0,0.0,552.0,0.0,6.78,5,0,0.0,100.0,achieved,ahead
DRV191,Kiran Driver191,2024-02-06 09:25:00,2620,552.0,0.0,552.0,0.0,6.48,6,0,0.0,100.0,achieved,ahead
DRV192,Sanjay Driver192,2024-02-06 09:18:00,680,295.65,148.84,146.81,1027.0,6.9,2,4,3.47,39.84,in_progress,ahead
DRV192,Sanjay Driver192,2024-02-06 09:50:00,850,303.57,134.61,168.96,857.0,6.37,3,4,2.82,49.79,in_progress,ahead
DRV192,Sanjay Driver192,2026-03-08 10:01:00,1069,307.38,0.0,307.38,0.0,0.0,4,0,0.0,0.0,achieved,ahead
DRV195,Vijay Driver195,2024-02-06 08:52:00,738,257.14,131.1,126.04,874.0,6.67,4,5,3.4,45.78,in_progress,ahead
DRV195,Vijay Driver195,2024-02-06 09:10:00,900,281.25,111.83,169.42,712.0,6.37,5,4,2.53,55.83,in_progress,ahead
DRV195,Vijay Driver195,2024-02-06 09:51:36,1649,427.2,0.0,427.2,0.0,5.67,15,0,0.0,100.0,achieved,ahead
DRV196,Sandeep Driver196,2024-02-06 13:33:36,2282,301.85,0.0,301.85,0.0,2.47,5,0,0.0,100.0,achieved,ahead
DRV196,Sandeep Driver196,2024-02-06 13:43:36,2457,307.35,0.0,307.35,0.0,2.31,6,0,0.0,100.0,achieved,ahead
DRV196,Sandeep Driver196,2024-02-06 13:50:36,2702,343.02,0.0,343.02,0.0,2.19,7,0,0.0,100.0,achieved,ahead
DRV197,Kavitha Driver197,2024-02-06 13:01:48,2330,331.44,0.0,331.44,0.0,3.14,3,0,0.0,100.0,achieved,ahead
DRV197,Kavitha Driver197,2024-02-06 13:20:48,2418,311.36,0.0,311.36,0.0,2.82,4,0,0.0,100.0,achieved,ahead
DRV197,Kavitha Driver197,2024-02-06 13:36:48,2578,351.56,0.0,351.56,0.0,2.55,5,0,0.0,100.0,achieved,ahead
DRV200,Sandeep Driver200,2024-02-06 10:04:48,1799,440.93,0.0,440.93,0.0,4.67,5,0,0.0,100.0,achieved,ahead
DRV200,Sandeep Driver200,2024-02-06 10:23:48,1922,404.63,0.0,404.63,0.0,4.35,6,0,0.0,100.0,achieved,ahead
DRV200,Sandeep Driver200,2024-02-06 10:36:48,2136,473.61,0.0,473.61,0.0,4.14,7,0,0.0,100.0,achieved,ahead
DRV201,Ravi Driver201,2024-02-06 09:01:12,1058,350.33,45.06,305.28,324.4,7.2,1,1,0.93,76.53,in_progress,ahead
DRV201,Ravi Driver201,2024-02-06 12:03:36,1058,174.59,77.98,96.61,324.4,4.16,8,3,1.86,76.53,in_progress,ahead
DRV201,Ravi Driver201,2024-02-06 12:19:12,1687,266.93,0.0,266.93,0.0,3.9,13,0,0.0,100.0,achieved,ahead
DRV201,Ravi Driver201,2024-02-06 13:36:36,1687,221.68,0.0,221.68,0.0,2.61,13,0,0.0,100.0,achieved,ahead
DRV203,Vijay Driver203,2024-02-06 09:40:12,852,232.15,76.67,155.49,552.0,7.2,4,3,2.38,60.68,in_progress,ahead
DRV203,Vijay Driver203,2024-02-06 09:47:12,1004,246.45,56.47,189.98,400.0,7.08,5,2,1.62,71.51,in_progress,ahead
DRV203,Vijay Driver203,2024-02-06 09:54:12,1225,294.45,25.69,268.75,179.0,6.97,6,1,0.61,87.25,in_progress,ahead
DRV205,Kavitha Driver205,2024-02-06 07:08:24,959,549.0,61.61,487.39,486.7,7.9,15,8,0.89,66.33,in_progress,ahead
DRV205,Kavitha Driver205,2024-02-06 07:19:24,1143,549.0,39.23,509.77,302.7,7.72,16,5,0.55,79.06,in_progress,ahead
DRV205,Kavitha Driver205,2024-02-06 07:35:24,1236,549.0,28.15,520.85,209.7,7.45,17,3,0.38,85.49,in_progress,ahead
DRV206,Manoj Driver206,2024-02-06 07:39:00,1514,609.0,22.76,586.24,191.2,8.4,14,2,0.31,88.79,in_progress,ahead
DRV206,Manoj Driver206,2024-02-06 07:48:00,1728,609.0,0.0,609.0,0.0,8.25,15,0,0.0,100.0,achieved,ahead
DRV206,Manoj Driver206,2024-02-06 07:57:00,1822,609.0,0.0,609.0,0.0,8.1,16,0,0.0,100.0,achieved,ahead
DRV207,Sanjay Driver207,2024-02-06 06:31:48,903,612.0,58.35,553.65,361.8,6.2,4,2,0.59,71.39,in_progress,ahead
DRV207,Sanjay Driver207,2024-02-06 06:50:48,1000,612.0,45.01,566.99,264.8,5.88,5,2,0.43,79.06,in_progress,ahead
DRV207,Sanjay Driver207,2024-02-06 07:03:48,1122,612.0,25.2,586.8,142.8,5.67,6,1,0.23,88.71,in_progress,ahead
DRV209,Vijay Driver209,2024-02-06 12:48:00,1653,243.09,0.0,243.09,0.0,6.4,6,0,0.0,100.0,achieved,ahead
DRV209,Vijay Driver209,2024-02-06 13:01:00,1808,253.5,0.0,253.5,0.0,6.18,7,0,0.0,100.0,achieved,ahead
DRV209,Vijay Driver209,2024-02-06 13:17:00,1988,262.08,0.0,262.08,0.0,5.92,8,0,0.0,100.0,achieved,ahead
DRV210,Kavitha Driver210,2024-02-06 07:26:24,2490,552.0,0.0,552.0,0.0,8.1,2,0,0.0,100.0,achieved,ahead
DRV210,Kavitha Driver210,2024-02-06 07:45:24,2609,552.0,0.0,552.0,0.0,7.78,3,0,0.0,100.0,achieved,ahead
DRV210,Kavitha Driver210,2024-02-06 08:01:24,2810,552.0,0.0,552.0,0.0,7.52,4,0,0.0,100.0,achieved,ahead
