trip_id,driver_id,date,start_time,end_time,distance_km,fare,surge_multiplier,pickup_location,dropoff_location,trip_status,duration_hours
TRIP048,DRV001,2024-02-06,2024-02-06 05:36:00,2024-02-06 06:14:00,10.4,351.0,1.2,Indiranagar,Hitec City,completed,0.63
TRIP151,DRV001,2024-02-06,2024-02-06 12:37:00,2024-02-06 13:15:00,16.8,381.0,1.5,Powai,Banjara Hills,completed,0.63
TRIP153,DRV001,2024-02-06,2024-02-06 14:51:00,2024-02-06 15:15:00,9.9,391.0,1.1,Connaught Place,South Delhi,completed,0.4
TRIP049,DRV002,2024-02-06,2024-02-06 06:43:00,2024-02-06 07:06:00,11.1,447.0,1.1,Malad,Worli,completed,0.38
TRIPc5de92,DRV002,2024-02-06,2024-02-06 08:24:00,2024-02-06 08:53:00,14.0,273.0,1.3,Hinjewadi,Kharadi,completed,0.48
TRIP262089,DRV002,2024-02-06,2024-02-06 09:14:00,2024-02-06 09:43:00,8.3,161.0,1.3,South Delhi,Marathahalli,completed,0.48
TRIP109,DRV003,2024-02-06,2024-02-06 06:43:00,2024-02-06 07:11:00,9.8,181.0,1.3,Colaba,Secunderabad,completed,0.47
TRIP003,DRV003,2024-02-06,2024-02-06 07:52:00,2024-02-06 08:15:00,9.8,175.0,1.0,Worli,Bandra,completed,0.38
TRIP223,DRV003,2024-02-06,2024-02-06 08:18:00,2024-02-06 08:41:00,10.4,188.0,1.0,Worli,Bandra,completed,0.38
TRIP090,DRV003,2024-02-06,2024-02-06 11:30:00,2024-02-06 12:00:00,16.2,336.0,1.4,HSR Layout,Banjara Hills,completed,0.5
TRIP121,DRV004,2024-02-06,2024-02-06 07:07:00,2024-02-06 07:26:00,14.2,377.0,1.4,Hitec City,Secunderabad,completed,0.32
TRIP099,DRV004,2024-02-06,2024-02-06 09:33:00,2024-02-06 09:59:00,14.2,363.0,1.5,Koramangala,HSR Layout,completed,0.43
TRIP16a06d,DRV004,2024-02-06,2024-02-06 09:59:00,2024-02-06 10:29:00,10.0,165.0,1.1,Electronic City,Jayanagar,completed,0.5
TRIP385205,DRV004,2024-02-06,2024-02-06 10:38:00,2024-02-06 10:56:00,13.3,199.0,1.0,HSR Layout,Cyber City,completed,0.3
TRIPe47695,DRV004,2024-02-06,2024-02-06 11:05:00,2024-02-06 11:26:00,13.2,277.0,1.4,Powai,Secunderabad,completed,0.35
TRIP132f14,DRV004,2024-02-06,2024-02-06 11:37:00,2024-02-06 12:10:00,18.0,405.0,1.5,Viman Nagar,Bandra,completed,0.55
TRIP172,DRV007,2024-02-06,2024-02-06 10:04:00,2024-02-06 10:38:00,19.7,354.0,1.2,Secunderabad,Colaba,completed,0.57
TRIP040,DRV007,2024-02-06,2024-02-06 10:40:00,2024-02-06 11:11:00,10.5,179.0,1.4,Indiranagar,Kharadi,completed,0.52
TRIP043,DRV007,2024-02-06,2024-02-06 13:01:00,2024-02-06 13:19:00,15.5,404.0,1.5,Hinjewadi,South Delhi,completed,0.3
TRIP087,DRV011,2024-02-06,2024-02-06 09:09:00,2024-02-06 09:32:00,12.9,214.0,1.0,Whitefield,Malad,completed,0.38
TRIP071,DRV011,2024-02-06,2024-02-06 17:17:00,2024-02-06 17:48:00,18.5,191.0,1.5,Colaba,Whitefield,completed,0.52
TRIPb29daa,DRV011,2024-02-06,2024-02-06 17:42:00,2024-02-06 18:16:00,14.3,235.0,1.1,Colaba,Hinjewadi,completed,0.57
TRIP216,DRV012,2024-02-06,2024-02-06 06:12:00,2024-02-06 06:31:00,10.4,445.0,1.4,South Delhi,Kharadi,completed,0.32
TRIP87b79b,DRV012,2024-02-06,2024-02-06 07:07:00,2024-02-06 07:34:00,9.3,139.0,1.0,Indiranagar,Malad,completed,0.45
TRIPd2ce35,DRV012,2024-02-06,2024-02-06 07:50:00,2024-02-06 08:09:00,10.9,179.0,1.1,HSR Layout,Hitec City,completed,0.32
TRIP100,DRV013,2024-02-06,2024-02-06 09:40:00,2024-02-06 10:13:00,17.2,217.0,1.3,Secunderabad,Hitec City,completed,0.55
TRIP0da8b4,DRV013,2024-02-06,2024-02-06 11:30:00,2024-02-06 11:55:00,11.3,254.0,1.5,Jayanagar,BKC,completed,0.42
TRIPeda5a5,DRV013,2024-02-06,2024-02-06 12:29:00,2024-02-06 12:55:00,14.8,266.0,1.2,Powai,BKC,completed,0.43
TRIP120,DRV016,2024-02-06,2024-02-06 06:00:00,2024-02-06 06:31:00,17.7,235.0,1.3,Connaught Place,Lower Parel,completed,0.52
TRIP101,DRV016,2024-02-06,2024-02-06 10:47:00,2024-02-06 11:19:00,8.6,216.0,1.0,Powai,BKC,completed,0.53
TRIP212,DRV016,2024-02-06,2024-02-06 13:44:00,2024-02-06 14:05:00,14.5,286.0,1.1,Whitefield,Jayanagar,completed,0.35
TRIP164,DRV017,2024-02-06,2024-02-06 14:08:00,2024-02-06 14:39:00,17.2,143.0,1.1,Marathahalli,South Delhi,completed,0.52
TRIPa60e4c,DRV017,2024-02-06,2024-02-06 14:36:00,2024-02-06 14:58:00,8.1,157.0,1.3,Hinjewadi,Secunderabad,completed,0.37
TRIP38ce64,DRV017,2024-02-06,2024-02-06 15:17:00,2024-02-06 15:46:00,10.7,240.0,1.5,Electronic City,Worli,completed,0.48
TRIP189,DRV018,2024-02-06,2024-02-06 15:03:00,2024-02-06 15:37:00,12.8,426.0,1.3,Dwarka,Whitefield,completed,0.57
TRIP8fda17,DRV018,2024-02-06,2024-02-06 16:00:00,2024-02-06 16:27:00,11.9,285.0,1.6,Powai,Indiranagar,completed,0.45
TRIPc55a39,DRV018,2024-02-06,2024-02-06 16:43:00,2024-02-06 17:04:00,12.5,281.0,1.5,Powai,Goregaon,completed,0.35
TRIP036,DRV020,2024-02-06,2024-02-06 06:12:00,2024-02-06 06:43:00,10.4,178.0,1.5,Viman Nagar,Goregaon,completed,0.52
TRIP4bfa02,DRV020,2024-02-06,2024-02-06 06:41:00,2024-02-06 07:09:00,10.4,156.0,1.0,BKC,Koramangala,completed,0.47
TRIP84f11e,DRV020,2024-02-06,2024-02-06 07:37:00,2024-02-06 08:01:00,13.8,310.0,1.5,Kharadi,Hinjewadi,completed,0.4
TRIP137,DRV021,2024-02-06,2024-02-06 10:59:00,2024-02-06 11:37:00,9.7,263.0,1.3,Hitec City,Marathahalli,completed,0.63
TRIP104,DRV021,2024-02-06,2024-02-06 14:08:00,2024-02-06 14:30:00,9.5,187.0,1.1,Indiranagar,Powai,completed,0.37
TRIP1c1632,DRV021,2024-02-06,2024-02-06 14:36:00,2024-02-06 14:54:00,9.0,162.0,1.2,Electronic City,Worli,completed,0.3
TRIP026,DRV024,2024-02-06,2024-02-06 08:02:00,2024-02-06 08:31:00,17.2,285.0,1.2,Andheri West,Hinjewadi,completed,0.48
TRIP245,DRV024,2024-02-06,2024-02-06 08:45:00,2024-02-06 09:16:00,18.0,302.0,1.2,Andheri West,Hinjewadi,completed,0.52
TRIP148,DRV024,2024-02-06,2024-02-06 10:16:00,2024-02-06 10:39:00,11.5,238.0,1.3,Gurgaon Cyber City,Malad,completed,0.38
TRIP159,DRV025,2024-02-06,2024-02-06 09:33:00,2024-02-06 09:54:00,16.5,364.0,1.5,CP,Jayanagar,completed,0.35
TRIP88a978,DRV025,2024-02-06,2024-02-06 10:14:00,2024-02-06 10:45:00,9.6,172.0,1.2,Cyber City,HSR Layout,completed,0.52
TRIPae368c,DRV025,2024-02-06,2024-02-06 10:54:00,2024-02-06 11:12:00,9.5,213.0,1.5,Andheri West,South Delhi,completed,0.3
TRIP056,DRV026,2024-02-06,2024-02-06 14:32:00,2024-02-06 14:54:00,10.8,432.0,1.4,Worli,Kharadi,completed,0.37
TRIP8af9cb,DRV026,2024-02-06,2024-02-06 15:07:00,2024-02-06 15:38:00,15.2,273.0,1.2,Colaba,BKC,completed,0.52
TRIP939ca6,DRV026,2024-02-06,2024-02-06 15:42:00,2024-02-06 16:14:00,17.2,361.0,1.4,HSR Layout,Jayanagar,completed,0.53
TRIP059,DRV028,2024-02-06,2024-02-06 16:53:00,2024-02-06 17:23:00,17.7,260.0,1.6,Goregaon,Bandra,completed,0.5
TRIP8915de,DRV028,2024-02-06,2024-02-06 18:16:00,2024-02-06 18:37:00,9.2,165.0,1.2,Kharadi,Lower Parel,completed,0.35
TRIP811f5b,DRV028,2024-02-06,2024-02-06 19:04:00,2024-02-06 19:31:00,8.6,167.0,1.3,Banjara Hills,Banjara Hills,completed,0.45
TRIP073,DRV031,2024-02-06,2024-02-06 07:31:00,2024-02-06 07:59:00,13.4,154.0,1.5,Hitec City,Powai,completed,0.47
TRIP134,DRV031,2024-02-06,2024-02-06 08:38:00,2024-02-06 09:15:00,16.7,295.0,1.4,Banjara Hills,Electronic City,completed,0.62
TRIP188,DRV031,2024-02-06,2024-02-06 13:56:00,2024-02-06 14:27:00,18.7,383.0,1.1,Lower Parel,Electronic City,completed,0.52
TRIP014,DRV032,2024-02-06,2024-02-06 06:30:00,2024-02-06 06:52:00,9.5,168.0,1.0,Kharadi,Viman Nagar,completed,0.37
TRIP234,DRV032,2024-02-06,2024-02-06 06:55:00,2024-02-06 07:18:00,10.2,175.0,1.0,Kharadi,Viman Nagar,completed,0.38
TRIP117,DRV032,2024-02-06,2024-02-06 14:39:00,2024-02-06 15:10:00,16.8,298.0,1.5,Banjara Hills,Bandra,completed,0.52
TRIP205,DRV033,2024-02-06,2024-02-06 06:55:00,2024-02-06 07:22:00,14.7,203.0,1.4,Lower Parel,Goregaon,completed,0.45
TRIPfec33b,DRV033,2024-02-06,2024-02-06 08:40:00,2024-02-06 09:10:00,17.1,410.0,1.6,Kharadi,Dwarka,completed,0.5
TRIPbca956,DRV033,2024-02-06,2024-02-06 09:22:00,2024-02-06 09:41:00,16.5,371.0,1.5,Goregaon,South Delhi,completed,0.32
TRIP086,DRV034,2024-02-06,2024-02-06 08:02:00,2024-02-06 08:39:00,10.6,284.0,1.4,Goregaon,Connaught Place,completed,0.62
TRIP7e6e27,DRV034,2024-02-06,2024-02-06 08:45:00,2024-02-06 09:13:00,16.4,368.0,1.5,Goregaon,Hinjewadi,completed,0.47
TRIP23e75d,DRV034,2024-02-06,2024-02-06 09:30:00,2024-02-06 09:59:00,17.7,371.0,1.4,Hitec City,Andheri West,completed,0.48
TRIP199,DRV035,2024-02-06,2024-02-06 13:13:00,2024-02-06 13:46:00,14.9,429.0,1.3,Koramangala,Marathahalli,completed,0.55
TRIPed6be6,DRV035,2024-02-06,2024-02-06 14:02:00,2024-02-06 14:31:00,11.3,186.0,1.1,South Delhi,Cyber City,completed,0.48
TRIP354145,DRV035,2024-02-06,2024-02-06 14:26:00,2024-02-06 14:47:00,11.7,210.0,1.2,Jayanagar,Secunderabad,completed,0.35
TRIP152,DRV038,2024-02-06,2024-02-06 13:44:00,2024-02-06 14:08:00,11.4,184.0,1.4,Bandra,Powai,completed,0.4
TRIP033,DRV038,2024-02-06,2024-02-06 14:51:00,2024-02-06 15:27:00,8.3,302.0,1.2,Dwarka,Koramangala,completed,0.6
TRIPa135cc,DRV038,2024-02-06,2024-02-06 16:15:00,2024-02-06 16:49:00,10.6,238.0,1.5,HSR Layout,Worli,completed,0.57
TRIP146,DRV039,2024-02-06,2024-02-06 08:02:00,2024-02-06 08:30:00,14.6,277.0,1.5,Connaught Place,South Delhi,completed,0.47
TRIP136,DRV039,2024-02-06,2024-02-06 09:52:00,2024-02-06 10:13:00,17.8,236.0,1.5,Goregaon,South Delhi,completed,0.35
TRIP091,DRV039,2024-02-06,2024-02-06 12:37:00,2024-02-06 13:03:00,8.9,425.0,1.0,Koramangala,Malad,completed,0.43
TRIP096,DRV041,2024-02-06,2024-02-06 06:12:00,2024-02-06 06:40:00,16.5,361.0,1.1,Worli,Koramangala,completed,0.47
TRIPd3aeca,DRV041,2024-02-06,2024-02-06 07:07:00,2024-02-06 07:38:00,17.0,280.0,1.1,HSR Layout,South Delhi,completed,0.52
TRIP867fae,DRV041,2024-02-06,2024-02-06 07:44:00,2024-02-06 08:12:00,12.0,198.0,1.1,Worli,Kharadi,completed,0.47
TRIP144,DRV042,2024-02-06,2024-02-06 05:48:00,2024-02-06 06:18:00,13.8,442.0,1.4,Secunderabad,CP,completed,0.5
TRIP012,DRV042,2024-02-06,2024-02-06 08:50:00,2024-02-06 09:18:00,14.2,295.0,1.0,CP,Gurgaon Cyber City,completed,0.47
TRIP232,DRV042,2024-02-06,2024-02-06 09:40:00,2024-02-06 10:08:00,14.7,305.0,1.0,CP,Gurgaon Cyber City,completed,0.47
TRIP051,DRV042,2024-02-06,2024-02-06 09:57:00,2024-02-06 10:30:00,14.7,363.0,1.3,BKC,Goregaon,completed,0.55
TRIP143,DRV042,2024-02-06,2024-02-06 16:41:00,2024-02-06 17:17:00,15.2,423.0,1.6,BKC,South Delhi,completed,0.6
TRIP088,DRV043,2024-02-06,2024-02-06 10:16:00,2024-02-06 10:53:00,13.4,267.0,1.2,Secunderabad,Hitec City,completed,0.62
TRIP139,DRV043,2024-02-06,2024-02-06 13:13:00,2024-02-06 13:44:00,8.3,225.0,1.5,HSR Layout,Colaba,completed,0.52
TRIP032,DRV043,2024-02-06,2024-02-06 13:44:00,2024-02-06 14:20:00,14.2,355.0,1.2,Colaba,South Delhi,completed,0.6
TRIP019,DRV045,2024-02-06,2024-02-06 19:05:00,2024-02-06 19:38:00,15.8,335.0,1.5,Andheri,BKC,completed,0.55
TRIP239,DRV045,2024-02-06,2024-02-06 19:45:00,2024-02-06 20:20:00,16.4,348.0,1.5,Andheri,BKC,completed,0.58
TRIPf6787c,DRV045,2024-02-06,2024-02-06 20:25:00,2024-02-06 20:47:00,17.4,417.0,1.6,HSR Layout,Viman Nagar,completed,0.37
TRIP054,DRV046,2024-02-06,2024-02-06 12:18:00,2024-02-06 12:36:00,8.7,182.0,1.2,Indiranagar,Lower Parel,completed,0.3
TRIP175,DRV046,2024-02-06,2024-02-06 13:25:00,2024-02-06 13:49:00,18.7,366.0,1.4,Marathahalli,Hitec City,completed,0.4
TRIP177,DRV046,2024-02-06,2024-02-06 14:39:00,2024-02-06 15:09:00,16.7,204.0,1.3,Viman Nagar,Indiranagar,completed,0.5
TRIP178,DRV046,2024-02-06,2024-02-06 15:46:00,2024-02-06 16:10:00,9.1,422.0,1.2,Koramangala,Jayanagar,completed,0.4
TRIP107,DRV046,2024-02-06,2024-02-06 16:29:00,2024-02-06 17:00:00,19.0,266.0,1.5,Secunderabad,Worli,completed,0.52
TRIP169,DRV047,2024-02-06,2024-02-06 06:43:00,2024-02-06 07:01:00,16.6,404.0,1.6,Lower Parel,Koramangala,completed,0.3
TRIP062,DRV047,2024-02-06,2024-02-06 08:14:00,2024-02-06 08:49:00,13.1,266.0,1.6,Marathahalli,Bandra,completed,0.58
TRIP83eb25,DRV047,2024-02-06,2024-02-06 09:02:00,2024-02-06 09:23:00,8.9,186.0,1.4,Koramangala,Cyber City,completed,0.35
TRIP156,DRV048,2024-02-06,2024-02-06 06:12:00,2024-02-06 06:32:00,12.1,198.0,1.4,Worli,Viman Nagar,completed,0.33
TRIP171,DRV048,2024-02-06,2024-02-06 08:57:00,2024-02-06 09:16:00,15.9,217.0,1.5,BKC,Hitec City,completed,0.32
TRIP081,DRV048,2024-02-06,2024-02-06 15:27:00,2024-02-06 15:53:00,16.4,226.0,1.0,Banjara Hills,Connaught Place,completed,0.43
TRIP022,DRV048,2024-02-06,2024-02-06 16:34:00,2024-02-06 17:01:00,18.6,224.0,1.3,Bandra,Indiranagar,completed,0.45
TRIP037,DRV049,2024-02-06,2024-02-06 07:19:00,2024-02-06 07:46:00,11.2,292.0,1.6,Dwarka,Marathahalli,completed,0.45
TRIPcb3f5e,DRV049,2024-02-06,2024-02-06 08:10:00,2024-02-06 08:36:00,17.7,292.0,1.1,South Delhi,Cyber City,completed,0.43
TRIPf744b8,DRV049,2024-02-06,2024-02-06 09:04:00,2024-02-06 09:29:00,11.1,199.0,1.2,Goregaon,Viman Nagar,completed,0.42
TRIP193,DRV050,2024-02-06,2024-02-06 07:31:00,2024-02-06 07:55:00,13.5,156.0,1.4,Viman Nagar,Electronic City,completed,0.4
TRIP008,DRV050,2024-02-06,2024-02-06 17:30:00,2024-02-06 17:58:00,15.2,312.0,1.5,Whitefield,Indiranagar,completed,0.47
TRIP228,DRV050,2024-02-06,2024-02-06 18:05:00,2024-02-06 18:33:00,15.7,328.0,1.5,Whitefield,Indiranagar,completed,0.47
TRIP197,DRV052,2024-02-06,2024-02-06 10:59:00,2024-02-06 11:35:00,13.1,296.0,1.5,Goregaon,Powai,completed,0.6
TRIP129,DRV052,2024-02-06,2024-02-06 15:03:00,2024-02-06 15:33:00,8.5,353.0,1.5,Indiranagar,Koramangala,completed,0.5
TRIP5f1b09,DRV052,2024-02-06,2024-02-06 15:33:00,2024-02-06 15:55:00,16.7,300.0,1.2,HSR Layout,HSR Layout,completed,0.37
TRIP142,DRV053,2024-02-06,2024-02-06 15:34:00,2024-02-06 16:02:00,8.1,361.0,1.6,South Delhi,HSR Layout,completed,0.47
TRIP034,DRV053,2024-02-06,2024-02-06 16:58:00,2024-02-06 17:34:00,9.2,390.0,1.1,Secunderabad,Goregaon,completed,0.6
TRIPf7197d,DRV053,2024-02-06,2024-02-06 17:20:00,2024-02-06 17:53:00,10.7,160.0,1.0,Andheri West,Malad,completed,0.55
TRIP075,DRV056,2024-02-06,2024-02-06 08:45:00,2024-02-06 09:12:00,11.8,182.0,1.1,Malad,Kharadi,completed,0.45
TRIP113,DRV056,2024-02-06,2024-02-06 11:11:00,2024-02-06 11:30:00,16.9,420.0,1.6,Dwarka,Lower Parel,completed,0.32
TRIP3e8ff9,DRV056,2024-02-06,2024-02-06 12:03:00,2024-02-06 12:29:00,9.8,176.0,1.2,Whitefield,Bandra,completed,0.43
TRIP092,DRV059,2024-02-06,2024-02-06 13:44:00,2024-02-06 14:17:00,18.9,450.0,1.6,Marathahalli,Banjara Hills,completed,0.55
TRIP00fe9b,DRV059,2024-02-06,2024-02-06 15:06:00,2024-02-06 15:37:00,15.3,298.0,1.3,Goregaon,Andheri West,completed,0.52
TRIP661646,DRV059,2024-02-06,2024-02-06 15:52:00,2024-02-06 16:18:00,12.4,279.0,1.5,BKC,Jayanagar,completed,0.43
TRIP072,DRV060,2024-02-06,2024-02-06 06:24:00,2024-02-06 06:58:00,8.8,355.0,1.4,CP,Viman Nagar,completed,0.57
TRIP065,DRV060,2024-02-06,2024-02-06 10:35:00,2024-02-06 11:00:00,11.0,336.0,1.2,Colaba,Electronic City,completed,0.42
TRIP141,DRV060,2024-02-06,2024-02-06 15:27:00,2024-02-06 15:52:00,10.4,431.0,1.5,Dwarka,BKC,completed,0.42
TRIP201,DRV060,2024-02-06,2024-02-06 15:27:00,2024-02-06 16:05:00,13.5,370.0,1.4,Bandra,HSR Layout,completed,0.63
TRIP170,DRV063,2024-02-06,2024-02-06 07:50:00,2024-02-06 08:18:00,12.8,224.0,1.3,Dwarka,Jayanagar,completed,0.47
TRIP7262bc,DRV063,2024-02-06,2024-02-06 09:13:00,2024-02-06 09:34:00,16.4,344.0,1.4,Hinjewadi,South Delhi,completed,0.35
TRIP4c09ca,DRV063,2024-02-06,2024-02-06 09:45:00,2024-02-06 10:19:00,12.5,262.0,1.4,Connaught Place,BKC,completed,0.57
TRIP182,DRV064,2024-02-06,2024-02-06 08:14:00,2024-02-06 08:33:00,17.1,203.0,1.3,Hinjewadi,HSR Layout,completed,0.32
TRIP36cb36,DRV064,2024-02-06,2024-02-06 08:45:00,2024-02-06 09:09:00,17.5,393.0,1.5,Powai,Koramangala,completed,0.4
TRIP58d20e,DRV064,2024-02-06,2024-02-06 09:13:00,2024-02-06 09:36:00,9.0,189.0,1.4,Viman Nagar,Indiranagar,completed,0.38
TRIP082,DRV066,2024-02-06,2024-02-06 15:34:00,2024-02-06 16:11:00,11.1,185.0,1.6,Powai,Hinjewadi,completed,0.62
TRIPda7654,DRV066,2024-02-06,2024-02-06 17:14:00,2024-02-06 17:43:00,13.3,279.0,1.4,Hinjewadi,Indiranagar,completed,0.48
TRIP67b28a,DRV066,2024-02-06,2024-02-06 17:35:00,2024-02-06 17:56:00,13.3,219.0,1.1,Viman Nagar,Worli,completed,0.35
TRIP016,DRV067,2024-02-06,2024-02-06 14:00:00,2024-02-06 14:28:00,12.8,228.0,1.0,Banjara Hills,Hitec City,completed,0.47
TRIP236,DRV067,2024-02-06,2024-02-06 14:35:00,2024-02-06 15:05:00,13.6,238.0,1.0,Banjara Hills,Hitec City,completed,0.5
TRIP213,DRV067,2024-02-06,2024-02-06 15:51:00,2024-02-06 16:11:00,9.9,348.0,1.4,BKC,Banjara Hills,completed,0.33
TRIP160,DRV068,2024-02-06,2024-02-06 09:40:00,2024-02-06 10:01:00,19.7,192.0,1.5,BKC,Kharadi,completed,0.35
TRIP2c74cd,DRV068,2024-02-06,2024-02-06 11:19:00,2024-02-06 11:45:00,12.2,183.0,1.0,Jayanagar,Hinjewadi,completed,0.43
TRIP544cf5,DRV068,2024-02-06,2024-02-06 11:42:00,2024-02-06 12:06:00,13.6,285.0,1.4,Hitec City,Goregaon,completed,0.4
TRIP009,DRV070,2024-02-06,2024-02-06 18:15:00,2024-02-06 18:42:00,12.8,268.0,1.4,Indiranagar,Koramangala,completed,0.45
TRIP229,DRV070,2024-02-06,2024-02-06 18:50:00,2024-02-06 19:18:00,13.3,285.0,1.4,Indiranagar,Koramangala,completed,0.47
TRIP250ebf,DRV070,2024-02-06,2024-02-06 19:34:00,2024-02-06 19:53:00,11.6,261.0,1.5,Secunderabad,Worli,completed,0.32
TRIP145,DRV074,2024-02-06,2024-02-06 06:55:00,2024-02-06 07:28:00,10.8,171.0,1.3,Connaught Place,Hinjewadi,completed,0.55
TRIP055,DRV074,2024-02-06,2024-02-06 13:25:00,2024-02-06 13:56:00,18.8,186.0,1.2,CP,HSR Layout,completed,0.52
TRIP673c81,DRV074,2024-02-06,2024-02-06 14:07:00,2024-02-06 14:40:00,16.9,253.0,1.0,Banjara Hills,Goregaon,completed,0.55
TRIP204,DRV075,2024-02-06,2024-02-06 05:48:00,2024-02-06 06:11:00,16.5,432.0,1.4,Jayanagar,Colaba,completed,0.38
TRIP23a4d7,DRV075,2024-02-06,2024-02-06 07:20:00,2024-02-06 07:42:00,14.3,257.0,1.2,Electronic City,Hitec City,completed,0.37
TRIP5ba27e,DRV075,2024-02-06,2024-02-06 08:07:00,2024-02-06 08:36:00,9.5,213.0,1.5,Cyber City,Jayanagar,completed,0.48
TRIP006,DRV077,2024-02-06,2024-02-06 10:05:00,2024-02-06 10:28:00,10.1,182.0,1.0,Goregaon,Andheri,completed,0.38
TRIP226,DRV077,2024-02-06,2024-02-06 10:40:00,2024-02-06 11:05:00,10.8,194.0,1.0,Goregaon,Andheri,completed,0.42
TRIPd24a05,DRV077,2024-02-06,2024-02-06 11:29:00,2024-02-06 12:02:00,11.0,264.0,1.6,Hitec City,Colaba,completed,0.55
TRIP089,DRV078,2024-02-06,2024-02-06 11:23:00,2024-02-06 11:55:00,9.0,380.0,1.1,Koramangala,Colaba,completed,0.53
TRIP275f4f,DRV078,2024-02-06,2024-02-06 11:50:00,2024-02-06 12:15:00,15.3,298.0,1.3,Viman Nagar,Hitec City,completed,0.42
TRIPfd9250,DRV078,2024-02-06,2024-02-06 12:23:00,2024-02-06 12:43:00,14.1,317.0,1.5,Hinjewadi,Dwarka,completed,0.33
TRIP098,DRV083,2024-02-06,2024-02-06 08:26:00,2024-02-06 08:55:00,19.1,284.0,1.5,Whitefield,Banjara Hills,completed,0.48
TRIP039,DRV083,2024-02-06,2024-02-06 09:33:00,2024-02-06 10:09:00,12.0,174.0,1.3,Kharadi,South Delhi,completed,0.6
TRIP451b74,DRV083,2024-02-06,2024-02-06 10:30:00,2024-02-06 10:52:00,8.0,168.0,1.4,Marathahalli,Banjara Hills,completed,0.37
TRIP124,DRV084,2024-02-06,2024-02-06 10:28:00,2024-02-06 10:50:00,19.8,293.0,1.5,Kharadi,Connaught Place,completed,0.37
TRIP187,DRV084,2024-02-06,2024-02-06 12:49:00,2024-02-06 13:10:00,9.8,357.0,1.5,Lower Parel,BKC,completed,0.35
TRIP3e8fc2,DRV084,2024-02-06,2024-02-06 14:34:00,2024-02-06 14:58:00,12.9,212.0,1.1,Andheri West,Goregaon,completed,0.4
TRIP174,DRV085,2024-02-06,2024-02-06 12:18:00,2024-02-06 12:44:00,18.8,215.0,1.4,Gurgaon Cyber City,Hitec City,completed,0.43
TRIP069,DRV085,2024-02-06,2024-02-06 15:03:00,2024-02-06 15:41:00,12.9,157.0,1.2,Lower Parel,CP,completed,0.63
TRIP202,DRV085,2024-02-06,2024-02-06 16:34:00,2024-02-06 17:02:00,9.1,349.0,1.2,Dwarka,Koramangala,completed,0.47
TRIP140,DRV086,2024-02-06,2024-02-06 14:20:00,2024-02-06 14:52:00,19.6,381.0,1.0,Gurgaon Cyber City,Hinjewadi,completed,0.53
TRIP101924,DRV086,2024-02-06,2024-02-06 14:57:00,2024-02-06 15:19:00,8.3,136.0,1.1,Secunderabad,South Delhi,completed,0.37
TRIP3683f3,DRV086,2024-02-06,2024-02-06 15:47:00,2024-02-06 16:06:00,11.1,266.0,1.6,Whitefield,Banjara Hills,completed,0.32
TRIP042,DRV087,2024-02-06,2024-02-06 11:54:00,2024-02-06 12:20:00,15.5,372.0,1.4,Viman Nagar,Powai,completed,0.43
TRIP248eee,DRV087,2024-02-06,2024-02-06 13:36:00,2024-02-06 14:09:00,17.7,398.0,1.5,Koramangala,Electronic City,completed,0.55
TRIP43ddaf,DRV087,2024-02-06,2024-02-06 14:29:00,2024-02-06 15:03:00,11.9,267.0,1.5,Hitec City,Connaught Place,completed,0.57
TRIP038,DRV088,2024-02-06,2024-02-06 08:26:00,2024-02-06 08:51:00,15.5,187.0,1.4,Hinjewadi,Worli,completed,0.42
TRIP095,DRV088,2024-02-06,2024-02-06 17:05:00,2024-02-06 17:28:00,14.0,313.0,1.5,Bandra,Lower Parel,completed,0.38
TRIP3fce19,DRV088,2024-02-06,2024-02-06 17:41:00,2024-02-06 18:14:00,9.8,191.0,1.3,Colaba,Connaught Place,completed,0.55
TRIP093,DRV090,2024-02-06,2024-02-06 14:51:00,2024-02-06 15:10:00,8.1,398.0,1.4,Indiranagar,Dwarka,completed,0.32
TRIP0aa10d,DRV090,2024-02-06,2024-02-06 16:34:00,2024-02-06 17:06:00,12.4,241.0,1.3,Jayanagar,Indiranagar,completed,0.53
TRIP6d188d,DRV090,2024-02-06,2024-02-06 17:10:00,2024-02-06 17:35:00,14.7,352.0,1.6,Koramangala,Dwarka,completed,0.42
TRIP023,DRV091,2024-02-06,2024-02-06 16:41:00,2024-02-06 17:11:00,13.8,196.0,1.3,South Delhi,Secunderabad,completed,0.5
TRIP242,DRV091,2024-02-06,2024-02-06 18:05:00,2024-02-06 18:37:00,14.6,210.0,1.3,South Delhi,Secunderabad,completed,0.53
TRIP3304e7,DRV091,2024-02-06,2024-02-06 18:55:00,2024-02-06 19:15:00,15.1,249.0,1.1,Worli,Dwarka,completed,0.33
TRIP217,DRV094,2024-02-06,2024-02-06 07:19:00,2024-02-06 07:53:00,12.6,198.0,1.2,Koramangala,Gurgaon Cyber City,completed,0.57
TRIP130,DRV094,2024-02-06,2024-02-06 16:10:00,2024-02-06 16:46:00,16.7,370.0,1.4,Whitefield,Koramangala,completed,0.6
TRIP0bfa76,DRV094,2024-02-06,2024-02-06 16:56:00,2024-02-06 17:15:00,10.2,229.0,1.5,Kharadi,Viman Nagar,completed,0.32
TRIP112,DRV095,2024-02-06,2024-02-06 10:04:00,2024-02-06 10:40:00,9.6,164.0,1.5,Indiranagar,Koramangala,completed,0.6
TRIP007,DRV095,2024-02-06,2024-02-06 10:48:00,2024-02-06 11:15:00,13.8,245.0,1.0,Andheri,Malad,completed,0.45
TRIP227,DRV095,2024-02-06,2024-02-06 11:25:00,2024-02-06 11:53:00,14.1,252.0,1.0,Andheri,Malad,completed,0.47
TRIP013,DRV096,2024-02-06,2024-02-06 09:45:00,2024-02-06 10:22:00,22.5,468.0,1.3,Cyber City,South Delhi,completed,0.62
TRIP233,DRV096,2024-02-06,2024-02-06 10:40:00,2024-02-06 11:18:00,23.1,485.0,1.3,Cyber City,South Delhi,completed,0.63
TRIP173,DRV096,2024-02-06,2024-02-06 11:11:00,2024-02-06 11:46:00,18.5,300.0,1.5,Andheri West,CP,completed,0.58
TRIP064,DRV097,2024-02-06,2024-02-06 09:28:00,2024-02-06 10:05:00,8.4,167.0,1.4,Marathahalli,Secunderabad,completed,0.62
TRIP90e1b9,DRV097,2024-02-06,2024-02-06 11:24:00,2024-02-06 11:52:00,11.0,181.0,1.1,Whitefield,Secunderabad,completed,0.47
TRIP61c68a,DRV097,2024-02-06,2024-02-06 12:20:00,2024-02-06 12:53:00,17.2,309.0,1.2,Secunderabad,Connaught Place,completed,0.55
TRIP097,DRV099,2024-02-06,2024-02-06 07:19:00,2024-02-06 07:38:00,19.7,395.0,1.5,CP,Whitefield,completed,0.32
TRIP350876,DRV099,2024-02-06,2024-02-06 08:00:00,2024-02-06 08:24:00,15.3,252.0,1.1,Whitefield,Cyber City,completed,0.4
TRIP331a61,DRV099,2024-02-06,2024-02-06 08:41:00,2024-02-06 09:10:00,14.3,321.0,1.5,Cyber City,Hitec City,completed,0.48
TRIP105,DRV100,2024-02-06,2024-02-06 15:15:00,2024-02-06 15:38:00,17.0,279.0,1.3,Secunderabad,Hinjewadi,completed,0.38
TRIPba9d76,DRV100,2024-02-06,2024-02-06 15:53:00,2024-02-06 16:24:00,9.0,175.0,1.3,Goregaon,Cyber City,completed,0.52
TRIPa7e496,DRV100,2024-02-06,2024-02-06 16:48:00,2024-02-06 17:17:00,16.3,366.0,1.5,Malad,Powai,completed,0.48
TRIP176,DRV102,2024-02-06,2024-02-06 13:32:00,2024-02-06 14:02:00,17.3,294.0,1.1,Viman Nagar,Koramangala,completed,0.5
TRIP2adc29,DRV102,2024-02-06,2024-02-06 15:01:00,2024-02-06 15:25:00,13.3,219.0,1.1,Hitec City,Electronic City,completed,0.4
TRIP3891d7,DRV102,2024-02-06,2024-02-06 15:44:00,2024-02-06 16:07:00,14.3,343.0,1.6,Colaba,Indiranagar,completed,0.38
TRIP163,DRV104,2024-02-06,2024-02-06 13:01:00,2024-02-06 13:39:00,12.4,210.0,1.1,Goregaon,Gurgaon Cyber City,completed,0.63
TRIPa07592,DRV104,2024-02-06,2024-02-06 13:26:00,2024-02-06 13:54:00,13.3,199.0,1.0,Lower Parel,Malad,completed,0.47
TRIPd1e990,DRV104,2024-02-06,2024-02-06 14:16:00,2024-02-06 14:50:00,10.0,210.0,1.4,Cyber City,HSR Layout,completed,0.57
TRIP183,DRV106,2024-02-06,2024-02-06 09:21:00,2024-02-06 09:39:00,13.4,260.0,1.5,Hinjewadi,Colaba,completed,0.3
TRIP029,DRV106,2024-02-06,2024-02-06 11:23:00,2024-02-06 11:52:00,12.9,168.0,1.4,Malad,Hitec City,completed,0.48
TRIP248,DRV106,2024-02-06,2024-02-06 12:10:00,2024-02-06 12:39:00,13.6,182.0,1.4,Malad,Hitec City,completed,0.48
TRIP168,DRV107,2024-02-06,2024-02-06 05:36:00,2024-02-06 06:10:00,17.5,325.0,1.6,Gurgaon Cyber City,Bandra,completed,0.57
TRIP001,DRV107,2024-02-06,2024-02-06 06:45:00,2024-02-06 07:03:00,8.2,145.0,1.0,Andheri West,BKC,completed,0.3
TRIP221,DRV107,2024-02-06,2024-02-06 07:20:00,2024-02-06 07:41:00,9.6,182.0,1.1,Andheri West,BKC,completed,0.35
TRIP186,DRV107,2024-02-06,2024-02-06 11:42:00,2024-02-06 12:10:00,14.2,238.0,1.5,Electronic City,Gurgaon Cyber City,completed,0.47
TRIP058,DRV107,2024-02-06,2024-02-06 15:46:00,2024-02-06 16:23:00,9.5,300.0,1.2,Hinjewadi,HSR Layout,completed,0.62
TRIP047,DRV107,2024-02-06,2024-02-06 17:29:00,2024-02-06 17:56:00,18.1,350.0,1.2,CP,Lower Parel,completed,0.45
TRIP127,DRV108,2024-02-06,2024-02-06 12:49:00,2024-02-06 13:25:00,17.8,321.0,1.2,Lower Parel,Jayanagar,completed,0.6
TRIP55deaf,DRV108,2024-02-06,2024-02-06 14:19:00,2024-02-06 14:45:00,8.8,198.0,1.5,Jayanagar,Colaba,completed,0.43
TRIP4770e2,DRV108,2024-02-06,2024-02-06 15:03:00,2024-02-06 15:31:00,13.8,227.0,1.1,South Delhi,Lower Parel,completed,0.47
TRIP215,DRV110,2024-02-06,2024-02-06 17:05:00,2024-02-06 17:27:00,13.0,305.0,1.2,CP,Worli,completed,0.37
TRIPa7b2b8,DRV110,2024-02-06,2024-02-06 18:03:00,2024-02-06 18:37:00,10.9,196.0,1.2,BKC,Electronic City,completed,0.57
TRIP799b69,DRV110,2024-02-06,2024-02-06 18:56:00,2024-02-06 19:19:00,9.3,153.0,1.1,Secunderabad,Bandra,completed,0.38
TRIP015,DRV111,2024-02-06,2024-02-06 07:10:00,2024-02-06 07:38:00,13.2,235.0,1.0,Viman Nagar,Hinjewadi,completed,0.47
TRIP235,DRV111,2024-02-06,2024-02-06 07:45:00,2024-02-06 08:14:00,13.9,248.0,1.0,Viman Nagar,Hinjewadi,completed,0.48
TRIPcd33a8,DRV111,2024-02-06,2024-02-06 08:26:00,2024-02-06 09:00:00,11.0,230.0,1.4,Indiranagar,Jayanagar,completed,0.57
TRIP084,DRV112,2024-02-06,2024-02-06 05:48:00,2024-02-06 06:21:00,9.4,244.0,1.1,CP,Marathahalli,completed,0.55
TRIP011,DRV112,2024-02-06,2024-02-06 08:00:00,2024-02-06 08:32:00,18.7,385.0,1.2,Dwarka,Connaught Place,completed,0.53
TRIP231,DRV112,2024-02-06,2024-02-06 08:40:00,2024-02-06 09:12:00,19.2,398.0,1.2,Dwarka,Connaught Place,completed,0.53
TRIP103,DRV114,2024-02-06,2024-02-06 13:01:00,2024-02-06 13:33:00,12.3,427.0,1.3,South Delhi,Worli,completed,0.53
TRIPe9542c,DRV114,2024-02-06,2024-02-06 13:44:00,2024-02-06 14:04:00,9.4,183.0,1.3,Lower Parel,Banjara Hills,completed,0.33
TRIPc8af72,DRV114,2024-02-06,2024-02-06 14:16:00,2024-02-06 14:45:00,12.3,258.0,1.4,Powai,Koramangala,completed,0.48
TRIP041,DRV118,2024-02-06,2024-02-06 10:47:00,2024-02-06 11:14:00,13.2,416.0,1.2,Connaught Place,Dwarka,completed,0.45
TRIP191,DRV118,2024-02-06,2024-02-06 17:17:00,2024-02-06 17:48:00,17.9,213.0,1.3,South Delhi,Colaba,completed,0.52
TRIP167,DRV118,2024-02-06,2024-02-06 17:29:00,2024-02-06 18:00:00,17.4,210.0,1.5,Connaught Place,Gurgaon Cyber City,completed,0.52
TRIP118,DRV124,2024-02-06,2024-02-06 15:46:00,2024-02-06 16:15:00,16.0,328.0,1.3,South Delhi,Gurgaon Cyber City,completed,0.48
TRIPaee5cb,DRV124,2024-02-06,2024-02-06 17:15:00,2024-02-06 17:49:00,10.5,236.0,1.5,Worli,Worli,completed,0.57
TRIP3bd9b2,DRV124,2024-02-06,2024-02-06 17:44:00,2024-02-06 18:05:00,14.2,213.0,1.0,Bandra,BKC,completed,0.35
TRIP123,DRV126,2024-02-06,2024-02-06 09:21:00,2024-02-06 09:48:00,13.6,180.0,1.5,South Delhi,Indiranagar,completed,0.45
TRIP7e12c2,DRV126,2024-02-06,2024-02-06 10:02:00,2024-02-06 10:34:00,15.1,339.0,1.5,Jayanagar,Malad,completed,0.53
TRIPb62fde,DRV126,2024-02-06,2024-02-06 10:31:00,2024-02-06 10:51:00,8.6,180.0,1.4,Connaught Place,Malad,completed,0.33
TRIP138,DRV127,2024-02-06,2024-02-06 12:06:00,2024-02-06 12:41:00,10.3,294.0,1.5,Bandra,South Delhi,completed,0.58
TRIP155,DRV127,2024-02-06,2024-02-06 17:05:00,2024-02-06 17:31:00,12.3,221.0,1.1,Kharadi,BKC,completed,0.43
TRIPdd23ce,DRV127,2024-02-06,2024-02-06 17:53:00,2024-02-06 18:12:00,15.6,327.0,1.4,Kharadi,BKC,completed,0.32
TRIP074,DRV128,2024-02-06,2024-02-06 07:38:00,2024-02-06 08:16:00,13.3,209.0,1.0,Goregaon,Hitec City,completed,0.63
TRIP899f3a,DRV128,2024-02-06,2024-02-06 09:17:00,2024-02-06 09:37:00,12.3,202.0,1.1,BKC,Goregaon,completed,0.33
TRIP29f5de,DRV128,2024-02-06,2024-02-06 09:53:00,2024-02-06 10:22:00,16.3,342.0,1.4,Kharadi,Powai,completed,0.48
TRIP161,DRV130,2024-02-06,2024-02-06 10:47:00,2024-02-06 11:08:00,10.0,200.0,1.5,Electronic City,Powai,completed,0.35
TRIP031,DRV130,2024-02-06,2024-02-06 12:37:00,2024-02-06 13:00:00,8.2,306.0,1.0,Secunderabad,Connaught Place,completed,0.38
TRIP250,DRV130,2024-02-06,2024-02-06 14:05:00,2024-02-06 14:28:00,8.9,318.0,1.0,Secunderabad,Connaught Place,completed,0.38
TRIP207,DRV131,2024-02-06,2024-02-06 09:09:00,2024-02-06 09:42:00,14.0,149.0,1.1,Viman Nagar,Powai,completed,0.55
TRIP044,DRV131,2024-02-06,2024-02-06 14:08:00,2024-02-06 14:32:00,15.9,379.0,1.2,Hitec City,Viman Nagar,completed,0.4
TRIP91a715,DRV131,2024-02-06,2024-02-06 14:57:00,2024-02-06 15:25:00,12.8,192.0,1.0,Viman Nagar,Worli,completed,0.47
TRIP184,DRV132,2024-02-06,2024-02-06 09:28:00,2024-02-06 10:06:00,16.0,444.0,1.1,Indiranagar,Secunderabad,completed,0.63
TRIP115,DRV132,2024-02-06,2024-02-06 13:25:00,2024-02-06 13:43:00,18.2,223.0,1.2,Dwarka,Indiranagar,completed,0.3
TRIP175928,DRV132,2024-02-06,2024-02-06 13:57:00,2024-02-06 14:27:00,18.0,351.0,1.3,Powai,Goregaon,completed,0.5
TRIP181,DRV133,2024-02-06,2024-02-06 07:07:00,2024-02-06 07:26:00,18.1,272.0,1.4,Electronic City,Worli,completed,0.32
TRIP085,DRV133,2024-02-06,2024-02-06 07:55:00,2024-02-06 08:21:00,11.5,393.0,1.2,Connaught Place,Goregaon,completed,0.43
TRIP219,DRV133,2024-02-06,2024-02-06 09:33:00,2024-02-06 09:51:00,11.2,440.0,1.4,Malad,Jayanagar,completed,0.3
TRIP149,DRV134,2024-02-06,2024-02-06 11:23:00,2024-02-06 11:57:00,10.6,313.0,1.6,CP,Colaba,completed,0.57
TRIPa772f4,DRV134,2024-02-06,2024-02-06 11:52:00,2024-02-06 12:15:00,9.3,195.0,1.4,South Delhi,Jayanagar,completed,0.38
TRIP0bdbc1,DRV134,2024-02-06,2024-02-06 12:37:00,2024-02-06 13:06:00,9.3,167.0,1.2,Cyber City,Banjara Hills,completed,0.48
TRIP066,DRV135,2024-02-06,2024-02-06 11:42:00,2024-02-06 12:03:00,14.4,261.0,1.5,Dwarka,Andheri West,completed,0.35
TRIP61c534,DRV135,2024-02-06,2024-02-06 13:15:00,2024-02-06 13:44:00,10.1,227.0,1.5,Goregaon,Colaba,completed,0.48
TRIP46f6a2,DRV135,2024-02-06,2024-02-06 13:45:00,2024-02-06 14:14:00,8.5,165.0,1.3,BKC,Connaught Place,completed,0.48
TRIP027,DRV136,2024-02-06,2024-02-06 09:09:00,2024-02-06 09:28:00,9.5,327.0,1.2,HSR Layout,Hinjewadi,completed,0.32
TRIP246,DRV136,2024-02-06,2024-02-06 09:45:00,2024-02-06 10:07:00,10.3,338.0,1.2,HSR Layout,Hinjewadi,completed,0.37
TRIP200,DRV136,2024-02-06,2024-02-06 14:20:00,2024-02-06 14:50:00,13.7,450.0,1.1,Bandra,Kharadi,completed,0.5
TRIP206,DRV138,2024-02-06,2024-02-06 08:02:00,2024-02-06 08:39:00,14.5,167.0,1.6,Kharadi,Goregaon,completed,0.62
TRIP147,DRV138,2024-02-06,2024-02-06 09:09:00,2024-02-06 09:30:00,13.9,317.0,1.3,Connaught Place,Andheri West,completed,0.35
TRIP220,DRV138,2024-02-06,2024-02-06 09:40:00,2024-02-06 10:15:00,15.8,204.0,1.2,Connaught Place,Gurgaon Cyber City,completed,0.58
TRIP094,DRV139,2024-02-06,2024-02-06 15:58:00,2024-02-06 16:27:00,9.6,426.0,1.0,Powai,Whitefield,completed,0.48
TRIPd5ad29,DRV139,2024-02-06,2024-02-06 17:44:00,2024-02-06 18:17:00,15.2,273.0,1.2,Kharadi,Andheri West,completed,0.55
TRIP80dcb2,DRV139,2024-02-06,2024-02-06 18:04:00,2024-02-06 18:29:00,10.7,256.0,1.6,Electronic City,South Delhi,completed,0.42
TRIP128,DRV141,2024-02-06,2024-02-06 13:56:00,2024-02-06 14:30:00,8.2,376.0,1.1,Powai,CP,completed,0.57
TRIP6b6e76,DRV141,2024-02-06,2024-02-06 15:33:00,2024-02-06 15:56:00,8.4,138.0,1.1,HSR Layout,Jayanagar,completed,0.38
TRIP5b3aaf,DRV141,2024-02-06,2024-02-06 16:11:00,2024-02-06 16:38:00,11.4,256.0,1.5,Bandra,Malad,completed,0.45
TRIP021,DRV142,2024-02-06,2024-02-06 15:27:00,2024-02-06 15:59:00,13.5,156.0,1.1,Secunderabad,Jayanagar,completed,0.53
TRIP241,DRV142,2024-02-06,2024-02-06 16:10:00,2024-02-06 16:44:00,14.1,168.0,1.1,Secunderabad,Jayanagar,completed,0.57
TRIPe6dfd4,DRV142,2024-02-06,2024-02-06 16:41:00,2024-02-06 17:09:00,14.1,232.0,1.1,South Delhi,Secunderabad,completed,0.47
TRIP135,DRV143,2024-02-06,2024-02-06 08:45:00,2024-02-06 09:15:00,17.7,184.0,1.1,Andheri West,Goregaon,completed,0.5
TRIP079,DRV143,2024-02-06,2024-02-06 13:13:00,2024-02-06 13:43:00,18.5,432.0,1.1,Andheri West,Viman Nagar,completed,0.5
TRIPb264d9,DRV143,2024-02-06,2024-02-06 13:55:00,2024-02-06 14:28:00,10.5,204.0,1.3,Hitec City,Andheri West,completed,0.55
TRIP017,DRV144,2024-02-06,2024-02-06 14:52:00,2024-02-06 15:25:00,16.2,318.0,1.2,Hitec City,Secunderabad,completed,0.55
TRIP237,DRV144,2024-02-06,2024-02-06 15:35:00,2024-02-06 16:10:00,17.0,332.0,1.2,Hitec City,Secunderabad,completed,0.58
TRIP63ab70,DRV144,2024-02-06,2024-02-06 16:14:00,2024-02-06 16:44:00,12.2,201.0,1.1,Hinjewadi,Electronic City,completed,0.5
TRIP010,DRV145,2024-02-06,2024-02-06 19:05:00,2024-02-06 19:35:00,16.5,345.0,1.6,Koramangala,Electronic City,completed,0.5
TRIP230,DRV145,2024-02-06,2024-02-06 19:50:00,2024-02-06 20:20:00,17.1,360.0,1.6,Koramangala,Electronic City,completed,0.5
TRIP25b633,DRV145,2024-02-06,2024-02-06 20:14:00,2024-02-06 20:44:00,10.1,227.0,1.5,Indiranagar,Secunderabad,completed,0.5
TRIP203,DRV146,2024-02-06,2024-02-06 16:41:00,2024-02-06 17:16:00,8.5,366.0,1.4,Hitec City,Lower Parel,completed,0.58
TRIPd31601,DRV146,2024-02-06,2024-02-06 18:36:00,2024-02-06 18:55:00,12.0,216.0,1.2,Secunderabad,Whitefield,completed,0.32
TRIPe13686,DRV146,2024-02-06,2024-02-06 19:04:00,2024-02-06 19:33:00,13.8,269.0,1.3,Worli,Indiranagar,completed,0.48
TRIP196,DRV147,2024-02-06,2024-02-06 09:52:00,2024-02-06 10:19:00,11.5,154.0,1.5,Bandra,Marathahalli,completed,0.45
TRIP179,DRV147,2024-02-06,2024-02-06 16:53:00,2024-02-06 17:31:00,9.9,154.0,1.5,Viman Nagar,Hinjewadi,completed,0.63
TRIP2a6bef,DRV147,2024-02-06,2024-02-06 18:26:00,2024-02-06 18:56:00,10.3,154.0,1.0,Whitefield,Bandra,completed,0.5
TRIP061,DRV148,2024-02-06,2024-02-06 07:07:00,2024-02-06 07:26:00,13.9,331.0,1.4,Worli,Koramangala,completed,0.32
TRIP7c89b9,DRV148,2024-02-06,2024-02-06 07:37:00,2024-02-06 08:07:00,10.6,254.0,1.6,Hinjewadi,Dwarka,completed,0.5
TRIP344c53,DRV148,2024-02-06,2024-02-06 08:23:00,2024-02-06 08:49:00,15.4,300.0,1.3,Lower Parel,Goregaon,completed,0.43
TRIP053,DRV149,2024-02-06,2024-02-06 11:11:00,2024-02-06 11:46:00,10.1,161.0,1.6,South Delhi,Marathahalli,completed,0.58
TRIP61b721,DRV149,2024-02-06,2024-02-06 12:06:00,2024-02-06 12:27:00,15.6,327.0,1.4,Jayanagar,Whitefield,completed,0.35
TRIP3f7f5f,DRV149,2024-02-06,2024-02-06 12:45:00,2024-02-06 13:19:00,14.8,244.0,1.1,Worli,HSR Layout,completed,0.57
TRIP030,DRV150,2024-02-06,2024-02-06 12:30:00,2024-02-06 12:57:00,15.1,173.0,1.5,Worli,Koramangala,completed,0.45
TRIP249,DRV150,2024-02-06,2024-02-06 13:15:00,2024-02-06 13:44:00,15.8,188.0,1.5,Worli,Koramangala,completed,0.48
TRIPb49a67,DRV150,2024-02-06,2024-02-06 14:14:00,2024-02-06 14:32:00,14.1,253.0,1.2,Connaught Place,Goregaon,completed,0.3
TRIP083,DRV151,2024-02-06,2024-02-06 16:41:00,2024-02-06 17:02:00,8.2,409.0,1.3,Gurgaon Cyber City,CP,completed,0.35
TRIP2e8974,DRV151,2024-02-06,2024-02-06 18:13:00,2024-02-06 18:39:00,9.5,156.0,1.1,Marathahalli,Lower Parel,completed,0.43
TRIPe2942f,DRV151,2024-02-06,2024-02-06 18:55:00,2024-02-06 19:23:00,10.9,212.0,1.3,Lower Parel,Hinjewadi,completed,0.47
TRIP067,DRV153,2024-02-06,2024-02-06 12:49:00,2024-02-06 13:19:00,19.1,270.0,1.2,CP,Jayanagar,completed,0.5
TRIP763ae8,DRV153,2024-02-06,2024-02-06 14:16:00,2024-02-06 14:43:00,17.7,345.0,1.3,Koramangala,Whitefield,completed,0.45
TRIPf2dc27,DRV153,2024-02-06,2024-02-06 14:59:00,2024-02-06 15:32:00,8.2,135.0,1.1,Worli,Kharadi,completed,0.55
TRIP157,DRV156,2024-02-06,2024-02-06 07:19:00,2024-02-06 07:44:00,13.8,314.0,1.5,Jayanagar,BKC,completed,0.42
TRIPf70e82,DRV156,2024-02-06,2024-02-06 07:53:00,2024-02-06 08:22:00,12.4,241.0,1.3,Kharadi,Andheri West,completed,0.48
TRIPd1c557,DRV156,2024-02-06,2024-02-06 08:44:00,2024-02-06 09:14:00,17.3,285.0,1.1,HSR Layout,Goregaon,completed,0.5
TRIP020,DRV157,2024-02-06,2024-02-06 07:00:00,2024-02-06 07:28:00,13.2,245.0,1.0,HSR Layout,Whitefield,completed,0.47
TRIP240,DRV157,2024-02-06,2024-02-06 07:35:00,2024-02-06 08:03:00,13.7,255.0,1.0,HSR Layout,Whitefield,completed,0.47
TRIP126,DRV157,2024-02-06,2024-02-06 11:42:00,2024-02-06 12:03:00,14.1,351.0,1.1,Secunderabad,HSR Layout,completed,0.35
TRIP195,DRV160,2024-02-06,2024-02-06 08:45:00,2024-02-06 09:12:00,8.5,218.0,1.1,Indiranagar,Electronic City,completed,0.45
TRIP119,DRV160,2024-02-06,2024-02-06 16:53:00,2024-02-06 17:23:00,13.7,428.0,1.4,Lower Parel,Jayanagar,completed,0.5
TRIP643bb6,DRV160,2024-02-06,2024-02-06 18:46:00,2024-02-06 19:05:00,12.8,192.0,1.0,Worli,Connaught Place,completed,0.32
TRIP122,DRV161,2024-02-06,2024-02-06 08:14:00,2024-02-06 08:36:00,19.2,409.0,1.4,Kharadi,Lower Parel,completed,0.37
TRIP194,DRV161,2024-02-06,2024-02-06 08:38:00,2024-02-06 08:59:00,15.2,349.0,1.1,Electronic City,Hinjewadi,completed,0.35
TRIP018,DRV161,2024-02-06,2024-02-06 18:00:00,2024-02-06 18:32:00,14.5,298.0,1.4,Colaba,Andheri,completed,0.53
TRIP238,DRV161,2024-02-06,2024-02-06 18:40:00,2024-02-06 19:12:00,15.2,312.0,1.4,Colaba,Andheri,completed,0.53
TRIP190,DRV165,2024-02-06,2024-02-06 16:10:00,2024-02-06 16:46:00,14.0,356.0,1.6,Colaba,South Delhi,completed,0.6
TRIP22ff65,DRV165,2024-02-06,2024-02-06 16:37:00,2024-02-06 17:06:00,15.3,344.0,1.5,Connaught Place,Kharadi,completed,0.48
TRIP314adb,DRV165,2024-02-06,2024-02-06 17:24:00,2024-02-06 17:57:00,14.7,242.0,1.1,Banjara Hills,HSR Layout,completed,0.55
TRIP057,DRV168,2024-02-06,2024-02-06 14:39:00,2024-02-06 15:15:00,19.4,408.0,1.2,Lower Parel,Malad,completed,0.6
TRIP2032f1,DRV168,2024-02-06,2024-02-06 16:06:00,2024-02-06 16:39:00,13.5,303.0,1.5,South Delhi,Marathahalli,completed,0.55
TRIPd247a0,DRV168,2024-02-06,2024-02-06 16:37:00,2024-02-06 17:05:00,15.4,254.0,1.1,Colaba,Andheri West,completed,0.47
TRIP154,DRV169,2024-02-06,2024-02-06 15:58:00,2024-02-06 16:25:00,10.8,425.0,1.0,Andheri West,Electronic City,completed,0.45
TRIPd634aa,DRV169,2024-02-06,2024-02-06 17:24:00,2024-02-06 17:43:00,10.7,240.0,1.5,Viman Nagar,Powai,completed,0.32
TRIP0fe639,DRV169,2024-02-06,2024-02-06 18:18:00,2024-02-06 18:47:00,17.1,333.0,1.3,Hinjewadi,Worli,completed,0.48
TRIP132,DRV170,2024-02-06,2024-02-06 06:24:00,2024-02-06 06:45:00,13.2,149.0,1.0,Worli,Andheri West,completed,0.35
TRIP050,DRV170,2024-02-06,2024-02-06 07:50:00,2024-02-06 08:12:00,10.3,265.0,1.5,Indiranagar,Gurgaon Cyber City,completed,0.37
TRIPafe1c2,DRV170,2024-02-06,2024-02-06 09:11:00,2024-02-06 09:38:00,8.2,147.0,1.2,Marathahalli,Lower Parel,completed,0.45
TRIP210,DRV172,2024-02-06,2024-02-06 12:30:00,2024-02-06 12:49:00,13.9,151.0,1.2,Powai,Connaught Place,completed,0.32
TRIP080,DRV172,2024-02-06,2024-02-06 14:20:00,2024-02-06 14:58:00,15.3,257.0,1.5,Gurgaon Cyber City,Goregaon,completed,0.63
TRIP992eff,DRV172,2024-02-06,2024-02-06 14:47:00,2024-02-06 15:17:00,14.3,235.0,1.1,Malad,Connaught Place,completed,0.5
TRIP114,DRV174,2024-02-06,2024-02-06 12:18:00,2024-02-06 12:48:00,11.1,262.0,1.6,Dwarka,Lower Parel,completed,0.5
TRIPed374c,DRV174,2024-02-06,2024-02-06 12:46:00,2024-02-06 13:07:00,9.5,185.0,1.3,Cyber City,BKC,completed,0.35
TRIP870f11,DRV174,2024-02-06,2024-02-06 13:23:00,2024-02-06 13:46:00,15.5,279.0,1.2,Secunderabad,Dwarka,completed,0.38
TRIP060,DRV175,2024-02-06,2024-02-06 06:00:00,2024-02-06 06:21:00,10.1,280.0,1.3,Whitefield,Hinjewadi,completed,0.35
TRIP180,DRV175,2024-02-06,2024-02-06 06:00:00,2024-02-06 06:26:00,10.9,295.0,1.4,Kharadi,Worli,completed,0.43
TRIP226812,DRV175,2024-02-06,2024-02-06 06:47:00,2024-02-06 07:16:00,12.6,264.0,1.4,Powai,HSR Layout,completed,0.48
TRIP045,DRV177,2024-02-06,2024-02-06 15:15:00,2024-02-06 15:52:00,18.2,362.0,1.6,HSR Layout,Hitec City,completed,0.62
TRIPba14e4,DRV177,2024-02-06,2024-02-06 15:56:00,2024-02-06 16:18:00,12.1,181.0,1.0,Hitec City,Worli,completed,0.37
TRIP4eba51,DRV177,2024-02-06,2024-02-06 16:51:00,2024-02-06 17:23:00,8.4,138.0,1.1,Lower Parel,Banjara Hills,completed,0.53
TRIP208,DRV178,2024-02-06,2024-02-06 10:16:00,2024-02-06 10:34:00,11.3,245.0,1.1,Colaba,CP,completed,0.3
TRIP185,DRV178,2024-02-06,2024-02-06 10:35:00,2024-02-06 11:11:00,16.1,333.0,1.3,Malad,Worli,completed,0.6
TRIP30088c,DRV178,2024-02-06,2024-02-06 12:24:00,2024-02-06 12:58:00,13.7,246.0,1.2,Bandra,Bandra,completed,0.57
TRIP133,DRV179,2024-02-06,2024-02-06 07:31:00,2024-02-06 07:54:00,15.9,375.0,1.4,Secunderabad,HSR Layout,completed,0.38
TRIP150,DRV179,2024-02-06,2024-02-06 11:30:00,2024-02-06 12:02:00,9.6,290.0,1.4,Dwarka,Connaught Place,completed,0.53
TRIPd781cf,DRV179,2024-02-06,2024-02-06 13:03:00,2024-02-06 13:35:00,16.4,368.0,1.5,BKC,Goregaon,completed,0.53
TRIP068,DRV182,2024-02-06,2024-02-06 13:56:00,2024-02-06 14:21:00,11.6,222.0,1.5,Hitec City,Koramangala,completed,0.42
TRIP2fcfe7,DRV182,2024-02-06,2024-02-06 15:27:00,2024-02-06 16:00:00,15.4,277.0,1.2,Connaught Place,Kharadi,completed,0.55
TRIP2fbcc9,DRV182,2024-02-06,2024-02-06 16:11:00,2024-02-06 16:42:00,17.0,306.0,1.2,Electronic City,HSR Layout,completed,0.52
TRIP111,DRV183,2024-02-06,2024-02-06 08:57:00,2024-02-06 09:16:00,15.9,371.0,1.2,HSR Layout,Marathahalli,completed,0.32
TRIP102,DRV183,2024-02-06,2024-02-06 11:54:00,2024-02-06 12:27:00,11.1,379.0,1.3,South Delhi,BKC,completed,0.55
TRIP88a5ea,DRV183,2024-02-06,2024-02-06 13:19:00,2024-02-06 13:37:00,16.1,338.0,1.4,Andheri West,Andheri West,completed,0.3
TRIP035,DRV185,2024-02-06,2024-02-06 17:05:00,2024-02-06 17:33:00,14.0,313.0,1.1,Indiranagar,Electronic City,completed,0.47
TRIPc353bc,DRV185,2024-02-06,2024-02-06 17:27:00,2024-02-06 18:01:00,11.9,267.0,1.5,Indiranagar,Secunderabad,completed,0.57
TRIP38e9ec,DRV185,2024-02-06,2024-02-06 17:56:00,2024-02-06 18:17:00,10.8,226.0,1.4,Whitefield,Banjara Hills,completed,0.35
TRIP002,DRV188,2024-02-06,2024-02-06 07:15:00,2024-02-06 07:38:00,12.4,220.0,1.2,BKC,Lower Parel,completed,0.38
TRIP222,DRV188,2024-02-06,2024-02-06 07:42:00,2024-02-06 08:05:00,12.9,235.0,1.2,BKC,Lower Parel,completed,0.38
TRIP025,DRV188,2024-02-06,2024-02-06 07:55:00,2024-02-06 08:29:00,8.7,274.0,1.3,Dwarka,Banjara Hills,completed,0.57
TRIP244,DRV188,2024-02-06,2024-02-06 08:10:00,2024-02-06 08:34:00,9.1,188.0,1.3,Dwarka,Banjara Hills,completed,0.4
TRIP243,DRV189,2024-02-06,2024-02-06 06:30:00,2024-02-06 07:02:00,15.9,410.0,1.3,Viman Nagar,Powai,completed,0.53
TRIP024,DRV189,2024-02-06,2024-02-06 06:48:00,2024-02-06 07:23:00,16.2,432.0,1.3,Viman Nagar,Powai,completed,0.58
TRIP063,DRV189,2024-02-06,2024-02-06 09:21:00,2024-02-06 09:50:00,13.7,328.0,1.5,Andheri West,Hitec City,completed,0.48
TRIP028,DRV189,2024-02-06,2024-02-06 10:16:00,2024-02-06 10:34:00,17.2,314.0,1.2,Connaught Place,Electronic City,completed,0.3
TRIP076,DRV189,2024-02-06,2024-02-06 10:52:00,2024-02-06 11:30:00,17.2,444.0,1.4,Marathahalli,Koramangala,completed,0.63
TRIP247,DRV189,2024-02-06,2024-02-06 10:55:00,2024-02-06 11:18:00,17.9,325.0,1.2,Connaught Place,Electronic City,completed,0.38
TRIP192,DRV191,2024-02-06,2024-02-06 06:24:00,2024-02-06 06:56:00,9.6,402.0,1.5,Worli,Colaba,completed,0.53
TRIP046,DRV191,2024-02-06,2024-02-06 16:22:00,2024-02-06 16:41:00,14.3,326.0,1.3,Malad,Bandra,completed,0.32
TRIP1a999d,DRV191,2024-02-06,2024-02-06 17:06:00,2024-02-06 17:35:00,13.6,265.0,1.3,Banjara Hills,Kharadi,completed,0.48
TRIP198,DRV192,2024-02-06,2024-02-06 12:06:00,2024-02-06 12:39:00,8.0,420.0,1.2,BKC,Connaught Place,completed,0.55
TRIP7b1bb5,DRV192,2024-02-06,2024-02-06 12:37:00,2024-02-06 13:03:00,10.5,157.0,1.0,Indiranagar,Whitefield,completed,0.43
TRIP564ef3,DRV192,2024-02-06,2024-02-06 13:16:00,2024-02-06 13:44:00,12.6,283.0,1.5,Secunderabad,Koramangala,completed,0.47
TRIP162,DRV193,2024-02-06,2024-02-06 11:54:00,2024-02-06 12:21:00,16.5,399.0,1.3,Worli,Bandra,completed,0.45
TRIP166,DRV193,2024-02-06,2024-02-06 16:22:00,2024-02-06 16:53:00,12.3,265.0,1.1,Jayanagar,Kharadi,completed,0.52
TRIP121793,DRV193,2024-02-06,2024-02-06 16:51:00,2024-02-06 17:16:00,15.0,270.0,1.2,Worli,Dwarka,completed,0.42
TRIP078,DRV194,2024-02-06,2024-02-06 12:06:00,2024-02-06 12:34:00,17.6,241.0,1.1,Electronic City,Powai,completed,0.47
TRIPc98960,DRV194,2024-02-06,2024-02-06 13:01:00,2024-02-06 13:24:00,9.1,204.0,1.5,Andheri West,Jayanagar,completed,0.38
TRIP6a63ba,DRV194,2024-02-06,2024-02-06 13:27:00,2024-02-06 13:46:00,17.1,333.0,1.3,South Delhi,BKC,completed,0.32
TRIP116,DRV195,2024-02-06,2024-02-06 13:32:00,2024-02-06 14:10:00,17.0,218.0,1.1,South Delhi,Marathahalli,completed,0.63
TRIPde44f6,DRV195,2024-02-06,2024-02-06 14:58:00,2024-02-06 15:27:00,11.9,214.0,1.2,Connaught Place,Whitefield,completed,0.48
TRIP797126,DRV195,2024-02-06,2024-02-06 15:39:00,2024-02-06 16:03:00,11.5,241.0,1.4,Worli,Dwarka,completed,0.4
TRIP131,DRV197,2024-02-06,2024-02-06 17:17:00,2024-02-06 17:40:00,10.5,180.0,1.4,Banjara Hills,Whitefield,completed,0.38
TRIPb2200e,DRV197,2024-02-06,2024-02-06 17:45:00,2024-02-06 18:07:00,16.6,348.0,1.4,Secunderabad,BKC,completed,0.37
TRIPc51163,DRV197,2024-02-06,2024-02-06 18:37:00,2024-02-06 19:07:00,9.7,160.0,1.1,Kharadi,BKC,completed,0.5
TRIP110,DRV198,2024-02-06,2024-02-06 07:50:00,2024-02-06 08:23:00,13.4,277.0,1.4,Andheri West,Koramangala,completed,0.55
TRIP052,DRV198,2024-02-06,2024-02-06 10:04:00,2024-02-06 10:27:00,11.3,154.0,1.2,Marathahalli,Whitefield,completed,0.38
TRIP209,DRV198,2024-02-06,2024-02-06 11:23:00,2024-02-06 11:59:00,13.3,413.0,1.4,Dwarka,Hinjewadi,completed,0.6
TRIP125,DRV198,2024-02-06,2024-02-06 11:35:00,2024-02-06 12:02:00,14.8,422.0,1.0,BKC,Kharadi,completed,0.45
TRIP214,DRV199,2024-02-06,2024-02-06 15:58:00,2024-02-06 16:26:00,10.2,169.0,1.2,Worli,Koramangala,completed,0.47
TRIPfb95d5,DRV199,2024-02-06,2024-02-06 17:52:00,2024-02-06 18:21:00,17.7,345.0,1.3,BKC,South Delhi,completed,0.48
TRIP85d3f4,DRV199,2024-02-06,2024-02-06 18:49:00,2024-02-06 19:17:00,8.6,129.0,1.0,Connaught Place,Marathahalli,completed,0.47
TRIP108,DRV202,2024-02-06,2024-02-06 05:36:00,2024-02-06 06:04:00,8.3,202.0,1.2,Hinjewadi,Worli,completed,0.47
TRIP7d6b4b,DRV202,2024-02-06,2024-02-06 07:11:00,2024-02-06 07:43:00,9.5,156.0,1.1,Electronic City,Banjara Hills,completed,0.53
TRIP0e7d16,DRV202,2024-02-06,2024-02-06 07:50:00,2024-02-06 08:11:00,16.2,364.0,1.5,Hitec City,Malad,completed,0.35
TRIP165,DRV203,2024-02-06,2024-02-06 15:15:00,2024-02-06 15:43:00,11.4,227.0,1.1,Electronic City,Colaba,completed,0.47
TRIPd3b3dc,DRV203,2024-02-06,2024-02-06 15:49:00,2024-02-06 16:13:00,16.4,344.0,1.4,Lower Parel,Dwarka,completed,0.4
TRIP3b0806,DRV203,2024-02-06,2024-02-06 16:29:00,2024-02-06 17:02:00,17.5,367.0,1.4,South Delhi,Powai,completed,0.55
TRIP158,DRV205,2024-02-06,2024-02-06 07:26:00,2024-02-06 08:01:00,11.2,217.0,1.5,Kharadi,Banjara Hills,completed,0.58
TRIP218,DRV205,2024-02-06,2024-02-06 08:26:00,2024-02-06 09:01:00,12.9,387.0,1.0,Hitec City,Malad,completed,0.58
TRIP211,DRV205,2024-02-06,2024-02-06 13:37:00,2024-02-06 13:55:00,18.3,302.0,1.2,Lower Parel,Worli,completed,0.3
TRIP106,DRV205,2024-02-06,2024-02-06 16:22:00,2024-02-06 16:46:00,15.0,142.0,1.3,Hinjewadi,Powai,completed,0.4
TRIP005,DRV206,2024-02-06,2024-02-06 09:15:00,2024-02-06 09:42:00,14.5,258.0,1.3,Powai,Goregaon,completed,0.45
TRIP225,DRV206,2024-02-06,2024-02-06 09:45:00,2024-02-06 10:12:00,14.9,272.0,1.3,Powai,Goregaon,completed,0.45
TRIP077,DRV206,2024-02-06,2024-02-06 10:59:00,2024-02-06 11:31:00,13.7,208.0,1.2,Secunderabad,Hinjewadi,completed,0.53
TRIP070,DRV207,2024-02-06,2024-02-06 16:10:00,2024-02-06 16:43:00,13.7,351.0,1.6,Koramangala,Colaba,completed,0.55
TRIP544ca2,DRV207,2024-02-06,2024-02-06 16:30:00,2024-02-06 17:00:00,16.4,270.0,1.1,Lower Parel,Jayanagar,completed,0.5
TRIPc60fab,DRV207,2024-02-06,2024-02-06 17:25:00,2024-02-06 17:44:00,8.6,154.0,1.2,Lower Parel,BKC,completed,0.32
TRIP004,DRV210,2024-02-06,2024-02-06 08:28:00,2024-02-06 08:52:00,11.2,198.0,1.0,Bandra,Powai,completed,0.4
TRIP224,DRV210,2024-02-06,2024-02-06 08:55:00,2024-02-06 09:20:00,11.8,205.0,1.0,Bandra,Powai,completed,0.42
TRIPd697f5,DRV210,2024-02-06,2024-02-06 09:30:00,2024-02-06 10:04:00,14.3,278.0,1.3,Lower Parel,Electronic City,completed,0.57
