log_id,driver_id,date,timestamp,cumulative_earnings,elapsed_hours,current_velocity,target_velocity,velocity_delta,trips_completed,forecast_status,name,city,shift_preference,avg_hours_per_day,avg_earnings_per_hour,experience_months,rating,goal_id,shift_start_time,shift_end_time,target_earnings,target_hours,dataset_status,dataset_forecast,remaining_earnings,goal_progress_percent,remaining_shift_hours,estimated_hours_to_goal,overtime_required
VEL001,DRV001,2024-02-06,2024-02-06 06:14:00,351,0.5,702.0,199,503.0,1,ahead,Alex Kumar,mumbai,morning,7.5,185.0,18,5,GOAL200,2024-02-06 08:43:00,2024-02-06 17:53:00.000000000,1331.0,8.2,achieved,on_track,980.0,26.37114951164538,11.65,1.396011396011396,False
VEL002,DRV001,2024-02-06,2024-02-06 13:15:00,732,6.65,110.08,172,-61.92,2,at_risk,Alex Kumar,mumbai,morning,7.5,185.0,18,5,GOAL200,2024-02-06 08:43:00,2024-02-06 17:53:00.000000000,1331.0,8.2,achieved,on_track,599.0,54.996243425995495,4.633333333333334,5.441497093023256,True
VEL003,DRV001,2024-02-06,2024-02-06 15:15:00,1123,8.65,129.83,175,-45.17,3,at_risk,Alex Kumar,mumbai,morning,7.5,185.0,18,5,GOAL200,2024-02-06 08:43:00,2024-02-06 17:53:00.000000000,1331.0,8.2,achieved,on_track,208.0,84.37265214124719,2.6333333333333333,1.6020950473696371,False
VEL004,DRV002,2024-02-06,2024-02-06 07:06:00,447,0.5,894.0,183,711.0,1,ahead,Priya Singh,bangalore,evening,8.2,195.0,24,5,GOAL002,2024-02-06 17:00:00,2024-02-06 23:00:00.000000000,1200.0,6.0,in_progress,on_track,753.0,37.25,15.9,0.8422818791946308,False
VEL005,DRV003,2024-02-06,2024-02-06 07:11:00,181,0.5,362.0,200,162.0,1,ahead,Rajesh Patel,delhi,full_day,9.5,175.0,36,5,GOAL003,2024-02-06 07:30:00,2024-02-06 17:30:00.000000000,1750.0,10.0,in_progress,on_track,1569.0,10.342857142857142,10.316666666666666,4.334254143646409,False
VEL006,DRV003,2024-02-06,2024-02-06 08:15:00,356,0.53,671.7,192,479.7,2,ahead,Rajesh Patel,delhi,full_day,9.5,175.0,36,5,GOAL003,2024-02-06 07:30:00,2024-02-06 17:30:00.000000000,1750.0,10.0,in_progress,on_track,1394.0,20.34285714285714,9.25,2.075331249069525,False
VEL007,DRV003,2024-02-06,2024-02-06 12:00:00,692,4.28,161.68,198,-36.32,3,at_risk,Rajesh Patel,delhi,full_day,9.5,175.0,36,5,GOAL003,2024-02-06 07:30:00,2024-02-06 17:30:00.000000000,1750.0,10.0,in_progress,on_track,1058.0,39.54285714285714,5.5,6.543790202869866,True
VEL008,DRV004,2024-02-06,2024-02-06 07:26:00,377,0.5,754.0,199,555.0,1,ahead,Meera Sharma,pune,morning,6.8,180.0,12,5,GOAL203,2024-02-06 10:06:00,2024-02-06 17:16:00.000000000,1166.0,7.5,at_risk,at_risk,789.0,32.3327615780446,9.833333333333334,1.046419098143236,False
VEL009,DRV004,2024-02-06,2024-02-06 09:59:00,740,2.87,257.84,186,71.84,2,ahead,Meera Sharma,pune,morning,6.8,180.0,12,5,GOAL203,2024-02-06 10:06:00,2024-02-06 17:16:00.000000000,1166.0,7.5,at_risk,at_risk,426.0,63.464837049742705,7.283333333333333,1.6521874030406456,False
VEL010,DRV007,2024-02-06,2024-02-06 10:11:00,179,0.5,358.0,200,158.0,1,ahead,Suresh Kumar,bangalore,morning,7.2,178.0,15,5,GOAL007,2024-02-06 06:30:00,2024-02-06 13:30:00.000000000,1200.0,7.0,in_progress,at_risk,1021.0,14.916666666666668,3.316666666666667,2.85195530726257,False
VEL011,DRV007,2024-02-06,2024-02-06 10:38:00,533,0.5,1066.0,200,866.0,2,ahead,Suresh Kumar,bangalore,morning,7.2,178.0,15,5,GOAL007,2024-02-06 06:30:00,2024-02-06 13:30:00.000000000,1200.0,7.0,in_progress,at_risk,667.0,44.416666666666664,2.8666666666666667,0.625703564727955,False
VEL012,DRV007,2024-02-06,2024-02-06 13:19:00,937,2.65,353.58,187,166.58,3,ahead,Suresh Kumar,bangalore,morning,7.2,178.0,15,5,GOAL007,2024-02-06 06:30:00,2024-02-06 13:30:00.000000000,1200.0,7.0,in_progress,at_risk,263.0,78.08333333333334,0.18333333333333332,0.7438203518298546,True
VEL013,DRV011,2024-02-06,2024-02-06 09:32:00,214,0.5,428.0,200,228.0,1,ahead,Neha Driver11,ahmedabad,morning,6.3,184.0,8,5,GOAL210,2024-02-06 06:48:00,2024-02-06 12:58:00.000000000,1540.0,9.5,achieved,at_risk,1326.0,13.896103896103895,3.433333333333333,3.0981308411214954,False
VEL014,DRV011,2024-02-06,2024-02-06 17:48:00,405,8.65,46.82,172,-125.18,2,at_risk,Neha Driver11,ahmedabad,morning,6.3,184.0,8,5,GOAL210,2024-02-06 06:48:00,2024-02-06 12:58:00.000000000,1540.0,9.5,achieved,at_risk,1135.0,26.2987012987013,0.0,24.241777018368218,True
VEL015,DRV012,2024-02-06,2024-02-06 06:31:00,445,0.5,890.0,183,707.0,1,ahead,Rekha Driver12,chennai,morning,6.2,180.0,39,4,GOAL011,2024-02-06 09:08:00,2024-02-06 19:18:00.000000000,1719.0,7.9,achieved,at_risk,1274.0,25.88714368819081,12.783333333333333,1.4314606741573033,False
VEL016,DRV013,2024-02-06,2024-02-06 10:13:00,217,0.5,434.0,198,236.0,1,ahead,Shweta Driver13,bangalore,evening,8.1,182.0,15,5,GOAL012,2024-02-06 09:08:00,2024-02-06 16:18:00.000000000,1297.0,6.9,in_progress,at_risk,1080.0,16.730917501927525,6.083333333333333,2.488479262672811,False
VEL017,DRV016,2024-02-06,2024-02-06 06:31:00,235,0.52,451.92,177,274.92,1,ahead,Sandeep Driver16,delhi,full_day,6.0,173.0,43,5,GOAL015,2024-02-06 08:25:00,2024-02-06 18:35:00.000000000,1685.0,8.4,at_risk,on_track,1450.0,13.94658753709199,12.066666666666666,3.20853248362542,False
VEL018,DRV016,2024-02-06,2024-02-06 11:19:00,451,5.32,84.77,174,-89.23,2,at_risk,Sandeep Driver16,delhi,full_day,6.0,173.0,43,5,GOAL015,2024-02-06 08:25:00,2024-02-06 18:35:00.000000000,1685.0,8.4,at_risk,on_track,1234.0,26.765578635014837,7.266666666666667,14.557036687507374,True
VEL019,DRV016,2024-02-06,2024-02-06 11:45:00,451,5.75,78.43,174,-95.57,2,at_risk,Sandeep Driver16,delhi,full_day,6.0,173.0,43,5,GOAL015,2024-02-06 08:25:00,2024-02-06 18:35:00.000000000,1685.0,8.4,at_risk,on_track,1234.0,26.765578635014837,6.833333333333333,15.733775341068467,True
VEL020,DRV016,2024-02-06,2024-02-06 14:05:00,737,8.08,91.21,178,-86.79,3,at_risk,Sandeep Driver16,delhi,full_day,6.0,173.0,43,5,GOAL015,2024-02-06 08:25:00,2024-02-06 18:35:00.000000000,1685.0,8.4,at_risk,on_track,948.0,43.73887240356083,4.5,10.39359719329021,True
VEL021,DRV017,2024-02-06,2024-02-06 14:39:00,143,0.52,275.0,191,84.0,1,ahead,Naveen Driver17,ahmedabad,afternoon,8.4,181.0,16,4,GOAL016,2024-02-06 10:06:00,2024-02-06 19:16:00.000000000,1567.0,9.3,in_progress,ahead,1424.0,9.125717932354819,4.616666666666666,5.178181818181818,True
VEL022,DRV018,2024-02-06,2024-02-06 15:37:00,426,0.57,747.37,172,575.37,1,ahead,Kavitha Driver18,chennai,full_day,7.5,185.0,25,5,GOAL017,2024-02-06 10:25:00,2024-02-06 16:35:00.000000000,1671.0,7.5,in_progress,at_risk,1245.0,25.493716337522443,0.9666666666666667,1.6658415510389766,True
VEL023,DRV020,2024-02-06,2024-02-06 06:43:00,178,0.52,342.31,191,151.31,1,ahead,Sandeep Driver20,hyderabad,evening,8.5,205.0,48,4,GOAL019,2024-02-06 10:57:00,2024-02-06 17:07:00.000000000,1574.0,9.3,at_risk,on_track,1396.0,11.30876747141042,10.4,4.078174753878064,False
VEL024,DRV021,2024-02-06,2024-02-06 11:37:00,263,0.5,526.0,172,354.0,1,ahead,Manoj Driver21,hyderabad,evening,9.2,178.0,19,5,GOAL020,2024-02-06 07:49:00,2024-02-06 17:59:00.000000000,1659.0,6.5,in_progress,on_track,1396.0,15.852923447860157,6.366666666666666,2.653992395437262,False
VEL025,DRV021,2024-02-06,2024-02-06 14:30:00,450,2.52,178.57,186,-7.43,2,at_risk,Manoj Driver21,hyderabad,evening,9.2,178.0,19,5,GOAL020,2024-02-06 07:49:00,2024-02-06 17:59:00.000000000,1659.0,6.5,in_progress,on_track,1209.0,27.124773960217,3.4833333333333334,6.7704541636333095,True
VEL026,DRV024,2024-02-06,2024-02-06 08:31:00,285,0.5,570.0,181,389.0,1,ahead,Manoj Driver24,hyderabad,afternoon,9.4,186.0,17,5,GOAL023,2024-02-06 10:39:00,2024-02-06 17:49:00.000000000,1487.0,8.2,achieved,ahead,1202.0,19.166106254203093,9.3,2.1087719298245613,False
VEL028,DRV024,2024-02-06,2024-02-06 09:24:00,523,1.37,381.75,199,182.75,2,ahead,Manoj Driver24,hyderabad,afternoon,9.4,186.0,17,5,GOAL023,2024-02-06 10:39:00,2024-02-06 17:49:00.000000000,1487.0,8.2,achieved,ahead,964.0,35.1714862138534,8.416666666666666,2.525212835625409,False
VEL027,DRV024,2024-02-06,2024-02-06 10:39:00,523,2.62,199.62,199,0.62,2,on_track,Manoj Driver24,hyderabad,afternoon,9.4,186.0,17,5,GOAL023,2024-02-06 10:39:00,2024-02-06 17:49:00.000000000,1487.0,8.2,achieved,ahead,964.0,35.1714862138534,7.166666666666667,4.829175433323314,False
VEL029,DRV025,2024-02-06,2024-02-06 09:54:00,364,0.5,728.0,191,537.0,1,ahead,Rekha Driver25,pune,morning,7.3,198.0,14,5,GOAL024,2024-02-06 07:10:00,2024-02-06 14:20:00.000000000,1283.0,9.1,achieved,ahead,919.0,28.37100545596259,4.433333333333334,1.2623626373626373,False
VEL030,DRV026,2024-02-06,2024-02-06 14:54:00,432,0.5,864.0,174,690.0,1,ahead,Priya Driver26,pune,full_day,6.8,188.0,11,5,GOAL025,2024-02-06 09:18:00,2024-02-06 16:28:00.000000000,1220.0,9.6,at_risk,at_risk,788.0,35.40983606557377,1.5666666666666667,0.9120370370370371,False
VEL031,DRV028,2024-02-06,2024-02-06 17:23:00,260,0.5,520.0,181,339.0,1,ahead,Manoj Driver28,ahmedabad,afternoon,9.2,193.0,45,5,GOAL027,2024-02-06 07:37:00,2024-02-06 16:47:00.000000000,1564.0,7.6,in_progress,on_track,1304.0,16.624040920716112,0.0,2.5076923076923077,True
VEL032,DRV031,2024-02-06,2024-02-06 07:59:00,154,0.5,308.0,191,117.0,1,ahead,Lakshmi Driver31,hyderabad,morning,7.2,179.0,10,4,GOAL030,2024-02-06 06:06:00,2024-02-06 15:16:00.000000000,1282.0,6.6,at_risk,ahead,1128.0,12.012480499219969,7.283333333333333,3.6623376623376624,False
VEL033,DRV031,2024-02-06,2024-02-06 08:15:00,449,0.73,615.07,190,425.07,2,ahead,Lakshmi Driver31,hyderabad,morning,7.2,179.0,10,4,GOAL030,2024-02-06 06:06:00,2024-02-06 15:16:00.000000000,1282.0,6.6,at_risk,ahead,833.0,35.02340093603744,7.016666666666667,1.3543173947680751,False
VEL034,DRV031,2024-02-06,2024-02-06 14:27:00,832,6.93,120.06,171,-50.94,3,at_risk,Lakshmi Driver31,hyderabad,morning,7.2,179.0,10,4,GOAL030,2024-02-06 06:06:00,2024-02-06 15:16:00.000000000,1282.0,6.6,at_risk,ahead,450.0,64.89859594383776,0.8166666666666667,3.7481259370314843,True
VEL035,DRV032,2024-02-06,2024-02-06 06:52:00,168,0.5,336.0,188,148.0,1,ahead,Amit Driver32,mumbai,evening,7.7,205.0,30,4,GOAL031,2024-02-06 10:36:00,2024-02-06 20:46:00.000000000,1281.0,9.9,in_progress,at_risk,1113.0,13.114754098360656,13.9,3.3125,False
VEL036,DRV032,2024-02-06,2024-02-06 15:10:00,466,8.67,53.75,179,-125.25,2,at_risk,Amit Driver32,mumbai,evening,7.7,205.0,30,4,GOAL031,2024-02-06 10:36:00,2024-02-06 20:46:00.000000000,1281.0,9.9,in_progress,at_risk,815.0,36.377829820452774,5.6,15.162790697674419,True
VEL037,DRV033,2024-02-06,2024-02-06 07:22:00,203,0.5,406.0,177,229.0,1,ahead,Amit Driver33,pune,afternoon,7.8,202.0,18,5,GOAL032,2024-02-06 08:23:00,2024-02-06 17:33:00.000000000,1169.0,9.0,achieved,at_risk,966.0,17.365269461077844,10.183333333333334,2.3793103448275863,False
VEL038,DRV034,2024-02-06,2024-02-06 08:39:00,284,0.62,458.06,198,260.06,1,ahead,Priya Driver34,kolkata,morning,7.2,183.0,29,5,GOAL033,2024-02-06 07:07:00,2024-02-06 15:17:00.000000000,1437.0,8.1,in_progress,ahead,1153.0,19.7633959638135,6.633333333333334,2.5171374929048596,False
VEL039,DRV035,2024-02-06,2024-02-06 13:46:00,429,0.55,780.0,176,604.0,1,ahead,Rekha Driver35,pune,full_day,9.5,170.0,15,5,GOAL034,2024-02-06 06:06:00,2024-02-06 16:16:00.000000000,1744.0,8.1,at_risk,ahead,1315.0,24.59862385321101,2.5,1.685897435897436,False
VEL040,DRV038,2024-02-06,2024-02-06 14:08:00,184,0.5,368.0,184,184.0,1,ahead,Neha Driver38,ahmedabad,full_day,6.2,182.0,28,5,GOAL037,2024-02-06 07:45:00,2024-02-06 15:55:00.000000000,1298.0,6.0,in_progress,ahead,1114.0,14.175654853620955,1.7833333333333334,3.027173913043478,True
VEL042,DRV038,2024-02-06,2024-02-06 14:24:00,486,0.0,972.0,189,783.0,2,ahead,Neha Driver38,ahmedabad,full_day,6.2,182.0,28,5,GOAL037,2024-02-06 07:45:00,2024-02-06 15:55:00.000000000,1298.0,6.0,in_progress,ahead,812.0,37.442218798151,1.5166666666666666,0.8353909465020576,False
VEL041,DRV038,2024-02-06,2024-02-06 15:27:00,486,0.72,675.0,189,486.0,2,ahead,Neha Driver38,ahmedabad,full_day,6.2,182.0,28,5,GOAL037,2024-02-06 07:45:00,2024-02-06 15:55:00.000000000,1298.0,6.0,in_progress,ahead,812.0,37.442218798151,0.4666666666666667,1.202962962962963,True
VEL043,DRV039,2024-02-06,2024-02-06 08:30:00,277,0.5,554.0,180,374.0,1,ahead,Pooja Driver39,delhi,morning,8.2,183.0,48,5,GOAL038,2024-02-06 07:51:00,2024-02-06 17:01:00.000000000,1524.0,7.7,at_risk,on_track,1247.0,18.175853018372703,8.516666666666667,2.2509025270758123,False
VEL045,DRV039,2024-02-06,2024-02-06 09:11:00,513,1.15,446.09,178,268.09,2,ahead,Pooja Driver39,delhi,morning,8.2,183.0,48,5,GOAL038,2024-02-06 07:51:00,2024-02-06 17:01:00.000000000,1524.0,7.7,at_risk,on_track,1011.0,33.661417322834644,7.833333333333333,2.266358806518864,False
VEL044,DRV039,2024-02-06,2024-02-06 10:13:00,513,2.18,235.32,178,57.32,2,ahead,Pooja Driver39,delhi,morning,8.2,183.0,48,5,GOAL038,2024-02-06 07:51:00,2024-02-06 17:01:00.000000000,1524.0,7.7,at_risk,on_track,1011.0,33.661417322834644,6.8,4.296277409484957,False
VEL047,DRV039,2024-02-06,2024-02-06 10:22:00,938,2.33,402.58,178,224.58,3,ahead,Pooja Driver39,delhi,morning,8.2,183.0,48,5,GOAL038,2024-02-06 07:51:00,2024-02-06 17:01:00.000000000,1524.0,7.7,at_risk,on_track,586.0,61.5485564304462,6.65,1.4556113070694023,False
VEL046,DRV039,2024-02-06,2024-02-06 13:03:00,938,5.02,186.85,178,8.85,3,ahead,Pooja Driver39,delhi,morning,8.2,183.0,48,5,GOAL038,2024-02-06 07:51:00,2024-02-06 17:01:00.000000000,1524.0,7.7,at_risk,on_track,586.0,61.5485564304462,3.966666666666667,3.1362055124431363,False
VEL048,DRV041,2024-02-06,2024-02-06 06:40:00,361,0.5,722.0,182,540.0,1,ahead,Sanjay Driver41,mumbai,full_day,8.5,172.0,13,4,GOAL040,2024-02-06 08:49:00,2024-02-06 14:59:00.000000000,1216.0,8.7,at_risk,ahead,855.0,29.6875,8.316666666666666,1.1842105263157894,False
VEL049,DRV042,2024-02-06,2024-02-06 06:18:00,442,0.5,884.0,189,695.0,1,ahead,Lakshmi Driver42,hyderabad,morning,8.0,184.0,24,5,GOAL041,2024-02-06 06:53:00,2024-02-06 13:03:00.000000000,1298.0,7.3,achieved,at_risk,856.0,34.05238828967643,6.75,0.9683257918552036,False
VEL050,DRV042,2024-02-06,2024-02-06 09:18:00,737,2.5,294.8,185,109.8,2,ahead,Lakshmi Driver42,hyderabad,morning,8.0,184.0,24,5,GOAL041,2024-02-06 06:53:00,2024-02-06 13:03:00.000000000,1298.0,7.3,achieved,at_risk,561.0,56.779661016949156,3.75,1.9029850746268655,False
VEL051,DRV042,2024-02-06,2024-02-06 09:30:00,1100,2.7,407.41,198,209.41,3,ahead,Lakshmi Driver42,hyderabad,morning,8.0,184.0,24,5,GOAL041,2024-02-06 06:53:00,2024-02-06 13:03:00.000000000,1298.0,7.3,achieved,at_risk,198.0,84.7457627118644,3.55,0.48599690729240813,False
VEL052,DRV042,2024-02-06,2024-02-06 17:17:00,1523,10.48,145.32,197,-51.68,4,at_risk,Lakshmi Driver42,hyderabad,morning,8.0,184.0,24,5,GOAL041,2024-02-06 06:53:00,2024-02-06 13:03:00.000000000,1298.0,7.3,achieved,at_risk,0.0,100.0,0.0,0.0,False
VEL053,DRV043,2024-02-06,2024-02-06 10:53:00,267,0.62,430.65,194,236.65,1,ahead,Kiran Driver43,kolkata,full_day,7.1,194.0,15,5,GOAL042,2024-02-06 06:41:00,2024-02-06 13:51:00.000000000,1593.0,6.6,at_risk,at_risk,1326.0,16.760828625235405,2.966666666666667,3.0790665273423894,True
VEL055,DRV043,2024-02-06,2024-02-06 11:34:00,492,1.3,378.46,199,179.46,2,ahead,Kiran Driver43,kolkata,full_day,7.1,194.0,15,5,GOAL042,2024-02-06 06:41:00,2024-02-06 13:51:00.000000000,1593.0,6.6,at_risk,at_risk,1101.0,30.88512241054614,2.283333333333333,2.909158167309623,True
VEL054,DRV043,2024-02-06,2024-02-06 13:44:00,492,3.47,141.79,199,-57.21,2,at_risk,Kiran Driver43,kolkata,full_day,7.1,194.0,15,5,GOAL042,2024-02-06 06:41:00,2024-02-06 13:51:00.000000000,1593.0,6.6,at_risk,at_risk,1101.0,30.88512241054614,0.11666666666666667,7.765004584244306,True
VEL056,DRV043,2024-02-06,2024-02-06 14:20:00,847,4.07,208.11,188,20.11,3,ahead,Kiran Driver43,kolkata,full_day,7.1,194.0,15,5,GOAL042,2024-02-06 06:41:00,2024-02-06 13:51:00.000000000,1593.0,6.6,at_risk,at_risk,746.0,53.17011927181419,0.0,3.5846427370140788,True
VEL057,DRV045,2024-02-06,2024-02-06 19:38:00,335,0.55,609.09,194,415.09,1,ahead,Pooja Driver45,hyderabad,evening,8.1,188.0,36,5,GOAL044,2024-02-06 10:34:00,2024-02-06 16:44:00.000000000,1313.0,8.3,achieved,on_track,978.0,25.514089870525513,0.0,1.60567403831946,True
VEL058,DRV046,2024-02-06,2024-02-06 12:36:00,182,0.5,364.0,185,179.0,1,ahead,Rahul Driver46,ahmedabad,afternoon,7.9,178.0,33,5,GOAL045,2024-02-06 07:17:00,2024-02-06 13:27:00.000000000,1447.0,9.9,at_risk,ahead,1265.0,12.577747062888736,0.85,3.4752747252747254,True
VEL059,DRV046,2024-02-06,2024-02-06 13:49:00,548,1.52,360.53,187,173.53,2,ahead,Rahul Driver46,ahmedabad,afternoon,7.9,178.0,33,5,GOAL045,2024-02-06 07:17:00,2024-02-06 13:27:00.000000000,1447.0,9.9,at_risk,ahead,899.0,37.87145818935729,0.0,2.493551160791058,True
VEL060,DRV046,2024-02-06,2024-02-06 15:09:00,752,2.85,263.86,178,85.86,3,ahead,Rahul Driver46,ahmedabad,afternoon,7.9,178.0,33,5,GOAL045,2024-02-06 07:17:00,2024-02-06 13:27:00.000000000,1447.0,9.9,at_risk,ahead,695.0,51.969592259847964,0.0,2.6339725612067,True
VEL063,DRV046,2024-02-06,2024-02-06 15:33:00,1174,3.25,361.23,183,178.23,4,ahead,Rahul Driver46,ahmedabad,afternoon,7.9,178.0,33,5,GOAL045,2024-02-06 07:17:00,2024-02-06 13:27:00.000000000,1447.0,9.9,at_risk,ahead,273.0,81.1333794056669,0.0,0.7557511834565235,True
VEL061,DRV046,2024-02-06,2024-02-06 15:37:00,1174,3.32,226.51,178,48.51,3,ahead,Rahul Driver46,ahmedabad,afternoon,7.9,178.0,33,5,GOAL045,2024-02-06 07:17:00,2024-02-06 13:27:00.000000000,1447.0,9.9,at_risk,ahead,273.0,81.1333794056669,0.0,1.2052448015540154,True
VEL062,DRV046,2024-02-06,2024-02-06 16:10:00,1174,3.87,303.36,183,120.36,4,ahead,Rahul Driver46,ahmedabad,afternoon,7.9,178.0,33,5,GOAL045,2024-02-06 07:17:00,2024-02-06 13:27:00.000000000,1447.0,9.9,at_risk,ahead,273.0,81.1333794056669,0.0,0.8999208860759493,True
VEL065,DRV046,2024-02-06,2024-02-06 16:55:00,1440,4.62,311.69,197,114.69,5,ahead,Rahul Driver46,ahmedabad,afternoon,7.9,178.0,33,5,GOAL045,2024-02-06 07:17:00,2024-02-06 13:27:00.000000000,1447.0,9.9,at_risk,ahead,7.0,99.5162404975812,0.0,0.02245821168468671,True
VEL064,DRV046,2024-02-06,2024-02-06 17:00:00,1440,4.7,306.38,197,109.38,5,ahead,Rahul Driver46,ahmedabad,afternoon,7.9,178.0,33,5,GOAL045,2024-02-06 07:17:00,2024-02-06 13:27:00.000000000,1447.0,9.9,at_risk,ahead,7.0,99.5162404975812,0.0,0.022847444350153404,True
VEL066,DRV047,2024-02-06,2024-02-06 07:01:00,404,0.5,808.0,178,630.0,1,ahead,Priya Driver47,hyderabad,afternoon,7.0,193.0,8,5,GOAL046,2024-02-06 09:11:00,2024-02-06 19:21:00.000000000,1219.0,9.5,achieved,ahead,815.0,33.14191960623462,12.333333333333334,1.0086633663366336,False
VEL068,DRV047,2024-02-06,2024-02-06 07:06:00,670,0.0,1340.0,177,1163.0,2,ahead,Priya Driver47,hyderabad,afternoon,7.0,193.0,8,5,GOAL046,2024-02-06 09:11:00,2024-02-06 19:21:00.000000000,1219.0,9.5,achieved,ahead,549.0,54.963084495488104,12.25,0.4097014925373134,False
VEL067,DRV047,2024-02-06,2024-02-06 08:49:00,670,1.1,609.09,177,432.09,2,ahead,Priya Driver47,hyderabad,afternoon,7.0,193.0,8,5,GOAL046,2024-02-06 09:11:00,2024-02-06 19:21:00.000000000,1219.0,9.5,achieved,ahead,549.0,54.963084495488104,10.533333333333333,0.9013446288725804,False
VEL069,DRV048,2024-02-06,2024-02-06 06:32:00,198,0.5,396.0,177,219.0,1,ahead,Priya Driver48,delhi,morning,6.1,195.0,42,5,GOAL047,2024-02-06 06:17:00,2024-02-06 15:27:00.000000000,1188.0,8.0,achieved,on_track,990.0,16.666666666666664,8.916666666666666,2.5,False
VEL070,DRV048,2024-02-06,2024-02-06 09:16:00,415,3.07,135.18,172,-36.82,2,at_risk,Priya Driver48,delhi,morning,6.1,195.0,42,5,GOAL047,2024-02-06 06:17:00,2024-02-06 15:27:00.000000000,1188.0,8.0,achieved,on_track,773.0,34.93265993265993,6.183333333333334,5.718301523894067,False
VEL071,DRV048,2024-02-06,2024-02-06 09:19:00,415,3.12,133.01,172,-38.99,2,at_risk,Priya Driver48,delhi,morning,6.1,195.0,42,5,GOAL047,2024-02-06 06:17:00,2024-02-06 15:27:00.000000000,1188.0,8.0,achieved,on_track,773.0,34.93265993265993,6.133333333333334,5.811593113299752,False
VEL072,DRV048,2024-02-06,2024-02-06 15:53:00,641,9.68,66.22,192,-125.78,3,at_risk,Priya Driver48,delhi,morning,6.1,195.0,42,5,GOAL047,2024-02-06 06:17:00,2024-02-06 15:27:00.000000000,1188.0,8.0,achieved,on_track,547.0,53.956228956228955,0.0,8.260344306855934,True
VEL073,DRV048,2024-02-06,2024-02-06 16:01:00,865,9.82,88.09,172,-83.91,4,at_risk,Priya Driver48,delhi,morning,6.1,195.0,42,5,GOAL047,2024-02-06 06:17:00,2024-02-06 15:27:00.000000000,1188.0,8.0,achieved,on_track,323.0,72.81144781144782,0.0,3.6667045067544555,True
VEL074,DRV048,2024-02-06,2024-02-06 16:24:00,865,10.2,84.8,172,-87.2,4,at_risk,Priya Driver48,delhi,morning,6.1,195.0,42,5,GOAL047,2024-02-06 06:17:00,2024-02-06 15:27:00.000000000,1188.0,8.0,achieved,on_track,323.0,72.81144781144782,0.0,3.8089622641509435,True
VEL075,DRV049,2024-02-06,2024-02-06 07:46:00,292,0.5,584.0,199,385.0,1,ahead,Arun Driver49,hyderabad,afternoon,8.6,192.0,21,5,GOAL048,2024-02-06 10:19:00,2024-02-06 17:29:00.000000000,1214.0,7.5,in_progress,at_risk,922.0,24.052718286655683,9.716666666666667,1.5787671232876712,False
VEL076,DRV050,2024-02-06,2024-02-06 07:55:00,156,0.5,312.0,186,126.0,1,ahead,Sandeep Driver50,delhi,afternoon,6.6,186.0,20,4,GOAL049,2024-02-06 10:01:00,2024-02-06 19:11:00.000000000,1612.0,6.6,at_risk,ahead,1456.0,9.67741935483871,11.266666666666667,4.666666666666667,False
VEL077,DRV050,2024-02-06,2024-02-06 17:58:00,468,10.45,44.78,171,-126.22,2,at_risk,Sandeep Driver50,delhi,afternoon,6.6,186.0,20,4,GOAL049,2024-02-06 10:01:00,2024-02-06 19:11:00.000000000,1612.0,6.6,at_risk,ahead,1144.0,29.03225806451613,1.2166666666666666,25.547119249665027,True
VEL078,DRV052,2024-02-06,2024-02-06 11:35:00,296,0.5,592.0,177,415.0,1,ahead,Vijay Driver52,bangalore,afternoon,8.5,201.0,29,5,GOAL051,2024-02-06 07:13:00,2024-02-06 13:23:00.000000000,1570.0,7.6,achieved,on_track,1274.0,18.85350318471338,1.8,2.152027027027027,True
VEL079,DRV052,2024-02-06,2024-02-06 15:33:00,649,3.57,181.79,189,-7.21,2,at_risk,Vijay Driver52,bangalore,afternoon,8.5,201.0,29,5,GOAL051,2024-02-06 07:13:00,2024-02-06 13:23:00.000000000,1570.0,7.6,achieved,on_track,921.0,41.33757961783439,0.0,5.0662852742175035,True
VEL080,DRV053,2024-02-06,2024-02-06 16:02:00,361,0.5,722.0,178,544.0,1,ahead,Deepa Driver53,bangalore,evening,8.2,182.0,28,5,GOAL052,2024-02-06 10:55:00,2024-02-06 16:05:00.000000000,1441.0,7.9,at_risk,ahead,1080.0,25.05204718945177,0.05,1.4958448753462603,True
VEL081,DRV053,2024-02-06,2024-02-06 16:34:00,751,0.5,1502.0,183,1319.0,2,ahead,Deepa Driver53,bangalore,evening,8.2,182.0,28,5,GOAL052,2024-02-06 10:55:00,2024-02-06 16:05:00.000000000,1441.0,7.9,at_risk,ahead,690.0,52.116585704371964,0.0,0.459387483355526,True
VEL082,DRV056,2024-02-06,2024-02-06 09:12:00,182,0.5,364.0,190,174.0,1,ahead,Neha Driver56,delhi,evening,9.1,199.0,36,5,GOAL055,2024-02-06 06:39:00,2024-02-06 16:49:00.000000000,1626.0,6.4,achieved,at_risk,1444.0,11.193111931119311,7.616666666666666,3.967032967032967,False
VEL084,DRV056,2024-02-06,2024-02-06 09:51:00,602,0.1,6020.0,194,5826.0,2,ahead,Neha Driver56,delhi,evening,9.1,199.0,36,5,GOAL055,2024-02-06 06:39:00,2024-02-06 16:49:00.000000000,1626.0,6.4,achieved,at_risk,1024.0,37.02337023370234,6.966666666666667,0.1700996677740864,False
VEL083,DRV056,2024-02-06,2024-02-06 11:30:00,602,1.75,344.0,194,150.0,2,ahead,Neha Driver56,delhi,evening,9.1,199.0,36,5,GOAL055,2024-02-06 06:39:00,2024-02-06 16:49:00.000000000,1626.0,6.4,achieved,at_risk,1024.0,37.02337023370234,5.316666666666666,2.9767441860465116,False
VEL085,DRV059,2024-02-06,2024-02-06 14:17:00,450,0.5,900.0,173,727.0,1,ahead,Sandeep Driver59,mumbai,full_day,8.7,183.0,10,5,GOAL058,2024-02-06 06:27:00,2024-02-06 15:37:00.000000000,1283.0,8.8,achieved,at_risk,833.0,35.074045206547154,1.3333333333333333,0.9255555555555556,False
VEL086,DRV060,2024-02-06,2024-02-06 06:58:00,355,0.57,622.81,191,431.81,1,ahead,Priya Driver60,ahmedabad,afternoon,7.3,184.0,45,5,GOAL059,2024-02-06 07:45:00,2024-02-06 17:55:00.000000000,1180.0,9.9,at_risk,on_track,825.0,30.08474576271186,10.95,1.3246415439700712,False
VEL088,DRV060,2024-02-06,2024-02-06 07:27:00,691,1.05,658.1,194,464.1,2,ahead,Priya Driver60,ahmedabad,afternoon,7.3,184.0,45,5,GOAL059,2024-02-06 07:45:00,2024-02-06 17:55:00.000000000,1180.0,9.9,at_risk,on_track,489.0,58.55932203389831,10.466666666666667,0.7430481689712809,False
VEL087,DRV060,2024-02-06,2024-02-06 11:00:00,691,4.6,150.22,194,-43.78,2,at_risk,Priya Driver60,ahmedabad,afternoon,7.3,184.0,45,5,GOAL059,2024-02-06 07:45:00,2024-02-06 17:55:00.000000000,1180.0,9.9,at_risk,on_track,489.0,58.55932203389831,6.916666666666667,3.2552256690187726,False
VEL089,DRV060,2024-02-06,2024-02-06 15:05:00,1061,8.68,122.24,189,-66.76,3,at_risk,Priya Driver60,ahmedabad,afternoon,7.3,184.0,45,5,GOAL059,2024-02-06 07:45:00,2024-02-06 17:55:00.000000000,1180.0,9.9,at_risk,on_track,119.0,89.91525423728814,2.8333333333333335,0.9734947643979058,False
VEL090,DRV060,2024-02-06,2024-02-06 15:52:00,1492,9.47,157.55,188,-30.45,4,at_risk,Priya Driver60,ahmedabad,afternoon,7.3,184.0,45,5,GOAL059,2024-02-06 07:45:00,2024-02-06 17:55:00.000000000,1180.0,9.9,at_risk,on_track,0.0,100.0,2.05,0.0,False
VEL091,DRV063,2024-02-06,2024-02-06 08:18:00,224,0.5,448.0,172,276.0,1,ahead,Naveen Driver63,delhi,full_day,9.3,172.0,22,5,GOAL062,2024-02-06 08:50:00,2024-02-06 16:00:00.000000000,1564.0,8.0,achieved,at_risk,1340.0,14.322250639386189,7.7,2.9910714285714284,False
VEL092,DRV064,2024-02-06,2024-02-06 08:33:00,203,0.5,406.0,190,216.0,1,ahead,Deepa Driver64,bangalore,evening,7.3,172.0,21,5,GOAL063,2024-02-06 09:54:00,2024-02-06 16:04:00.000000000,1389.0,9.1,in_progress,at_risk,1186.0,14.614830813534919,7.516666666666667,2.9211822660098523,False
VEL093,DRV066,2024-02-06,2024-02-06 16:11:00,185,0.5,370.0,181,189.0,1,ahead,Amit Driver66,bangalore,evening,8.9,186.0,45,5,GOAL065,2024-02-06 09:15:00,2024-02-06 19:25:00.000000000,1349.0,8.2,achieved,on_track,1164.0,13.713862120088955,3.2333333333333334,3.145945945945946,False
VEL094,DRV067,2024-02-06,2024-02-06 14:28:00,228,0.5,456.0,200,256.0,1,ahead,Lakshmi Driver67,kolkata,full_day,7.3,174.0,41,5,GOAL066,2024-02-06 10:27:00,2024-02-06 19:37:00.000000000,1680.0,9.1,in_progress,ahead,1452.0,13.571428571428571,5.15,3.1842105263157894,False
VEL095,DRV067,2024-02-06,2024-02-06 15:11:00,576,1.18,488.14,192,296.14,2,ahead,Lakshmi Driver67,kolkata,full_day,7.3,174.0,41,5,GOAL066,2024-02-06 10:27:00,2024-02-06 19:37:00.000000000,1680.0,9.1,in_progress,ahead,1104.0,34.285714285714285,4.433333333333334,2.2616462490269185,False
VEL096,DRV068,2024-02-06,2024-02-06 10:01:00,192,0.5,384.0,178,206.0,1,ahead,Deepa Driver68,kolkata,evening,8.9,192.0,39,5,GOAL067,2024-02-06 06:47:00,2024-02-06 16:57:00.000000000,1598.0,6.5,at_risk,on_track,1406.0,12.015018773466833,6.933333333333334,3.6614583333333335,False
VEL097,DRV070,2024-02-06,2024-02-06 18:42:00,268,0.5,536.0,200,336.0,1,ahead,Vijay Driver70,pune,afternoon,6.7,193.0,46,5,GOAL069,2024-02-06 08:31:00,2024-02-06 14:41:00.000000000,1192.0,6.9,at_risk,on_track,924.0,22.483221476510067,0.0,1.7238805970149254,True
VEL098,DRV074,2024-02-06,2024-02-06 07:28:00,171,0.5,342.0,198,144.0,1,ahead,Lakshmi Driver74,hyderabad,afternoon,7.8,195.0,46,5,GOAL073,2024-02-06 06:23:00,2024-02-06 16:33:00.000000000,1154.0,6.0,achieved,on_track,983.0,14.818024263431543,9.083333333333334,2.874269005847953,False
VEL100,DRV074,2024-02-06,2024-02-06 12:13:00,357,4.3,83.02,174,-90.98,2,at_risk,Lakshmi Driver74,hyderabad,afternoon,7.8,195.0,46,5,GOAL073,2024-02-06 06:23:00,2024-02-06 16:33:00.000000000,1154.0,6.0,achieved,on_track,797.0,30.935875216637783,4.333333333333333,9.600096362322333,True
VEL099,DRV074,2024-02-06,2024-02-06 13:56:00,357,6.02,59.3,174,-114.7,2,at_risk,Lakshmi Driver74,hyderabad,afternoon,7.8,195.0,46,5,GOAL073,2024-02-06 06:23:00,2024-02-06 16:33:00.000000000,1154.0,6.0,achieved,on_track,797.0,30.935875216637783,2.6166666666666667,13.440134907251265,True
VEL101,DRV075,2024-02-06,2024-02-06 06:11:00,432,0.5,864.0,198,666.0,1,ahead,Rahul Driver75,hyderabad,morning,6.8,200.0,38,4,GOAL074,2024-02-06 08:55:00,2024-02-06 14:05:00.000000000,1340.0,7.7,at_risk,at_risk,908.0,32.23880597014925,7.9,1.0509259259259258,False
VEL102,DRV077,2024-02-06,2024-02-06 10:28:00,182,0.5,364.0,179,185.0,1,ahead,Amit Driver77,ahmedabad,morning,6.8,194.0,16,4,GOAL076,2024-02-06 09:53:00,2024-02-06 17:03:00.000000000,1527.0,6.6,in_progress,ahead,1345.0,11.91879502292076,6.583333333333333,3.6950549450549453,False
VEL103,DRV078,2024-02-06,2024-02-06 11:55:00,380,0.53,716.98,173,543.98,1,ahead,Manoj Driver78,kolkata,afternoon,8.1,181.0,38,5,GOAL077,2024-02-06 06:09:00,2024-02-06 15:19:00.000000000,1773.0,7.7,at_risk,at_risk,1393.0,21.432600112803158,3.4,1.9428714887444558,False
VEL104,DRV083,2024-02-06,2024-02-06 08:55:00,284,0.5,568.0,187,381.0,1,ahead,Rahul Driver83,mumbai,morning,7.8,194.0,21,5,GOAL082,2024-02-06 08:29:00,2024-02-06 18:39:00.000000000,1180.0,8.1,achieved,ahead,896.0,24.06779661016949,9.733333333333333,1.5774647887323943,False
VEL105,DRV083,2024-02-06,2024-02-06 09:09:00,458,0.72,636.11,192,444.11,2,ahead,Rahul Driver83,mumbai,morning,7.8,194.0,21,5,GOAL082,2024-02-06 08:29:00,2024-02-06 18:39:00.000000000,1180.0,8.1,achieved,ahead,722.0,38.813559322033896,9.5,1.1350238166354876,False
VEL106,DRV084,2024-02-06,2024-02-06 10:50:00,293,0.5,586.0,172,414.0,1,ahead,Amit Driver84,kolkata,evening,6.4,197.0,45,5,GOAL083,2024-02-06 06:43:00,2024-02-06 16:53:00.000000000,1693.0,7.2,at_risk,on_track,1400.0,17.306556408741876,6.05,2.3890784982935154,False
VEL107,DRV084,2024-02-06,2024-02-06 13:10:00,650,2.7,240.74,188,52.74,2,ahead,Amit Driver84,kolkata,evening,6.4,197.0,45,5,GOAL083,2024-02-06 06:43:00,2024-02-06 16:53:00.000000000,1693.0,7.2,at_risk,on_track,1043.0,38.3933845245127,3.716666666666667,4.332474869153444,True
VEL108,DRV085,2024-02-06,2024-02-06 12:44:00,215,0.5,430.0,172,258.0,1,ahead,Priya Driver85,kolkata,evening,8.1,195.0,21,5,GOAL084,2024-02-06 09:29:00,2024-02-06 19:39:00.000000000,1580.0,8.3,achieved,at_risk,1365.0,13.60759493670886,6.916666666666667,3.1744186046511627,False
VEL110,DRV085,2024-02-06,2024-02-06 15:01:00,372,2.72,136.76,197,-60.24,2,at_risk,Priya Driver85,kolkata,evening,8.1,195.0,21,5,GOAL084,2024-02-06 09:29:00,2024-02-06 19:39:00.000000000,1580.0,8.3,achieved,at_risk,1208.0,23.544303797468356,4.633333333333334,8.83299210295408,True
VEL109,DRV085,2024-02-06,2024-02-06 15:41:00,372,3.38,110.06,197,-86.94,2,at_risk,Priya Driver85,kolkata,evening,8.1,195.0,21,5,GOAL084,2024-02-06 09:29:00,2024-02-06 19:39:00.000000000,1580.0,8.3,achieved,at_risk,1208.0,23.544303797468356,3.966666666666667,10.975831364710158,True
VEL111,DRV085,2024-02-06,2024-02-06 16:02:00,721,3.73,193.3,181,12.3,3,ahead,Priya Driver85,kolkata,evening,8.1,195.0,21,5,GOAL084,2024-02-06 09:29:00,2024-02-06 19:39:00.000000000,1580.0,8.3,achieved,at_risk,859.0,45.63291139240506,3.6166666666666667,4.443869632695292,True
VEL112,DRV086,2024-02-06,2024-02-06 14:52:00,381,0.53,718.87,177,541.87,1,ahead,Priya Driver86,ahmedabad,afternoon,7.3,205.0,38,5,GOAL085,2024-02-06 07:02:00,2024-02-06 17:12:00.000000000,1411.0,8.9,at_risk,at_risk,1030.0,27.002126151665486,2.3333333333333335,1.4328042622449122,False
VEL113,DRV087,2024-02-06,2024-02-06 12:20:00,372,0.5,744.0,192,552.0,1,ahead,Rekha Driver87,chennai,full_day,8.6,177.0,22,5,GOAL086,2024-02-06 10:10:00,2024-02-06 20:20:00.000000000,1152.0,8.6,at_risk,on_track,780.0,32.29166666666667,8.0,1.0483870967741935,False
VEL114,DRV088,2024-02-06,2024-02-06 08:51:00,187,0.5,374.0,189,185.0,1,ahead,Lakshmi Driver88,bangalore,afternoon,7.8,191.0,43,5,GOAL087,2024-02-06 08:31:00,2024-02-06 14:41:00.000000000,1229.0,8.0,at_risk,at_risk,1042.0,15.215622457282343,5.833333333333333,2.786096256684492,False
VEL115,DRV088,2024-02-06,2024-02-06 17:28:00,500,9.03,55.37,182,-126.63,2,at_risk,Lakshmi Driver88,bangalore,afternoon,7.8,191.0,43,5,GOAL087,2024-02-06 08:31:00,2024-02-06 14:41:00.000000000,1229.0,8.0,at_risk,at_risk,729.0,40.68348250610253,0.0,13.165974354343508,True
VEL116,DRV090,2024-02-06,2024-02-06 15:10:00,398,0.5,796.0,189,607.0,1,ahead,Anita Driver90,kolkata,morning,6.2,184.0,31,4,GOAL089,2024-02-06 07:42:00,2024-02-06 16:52:00.000000000,1478.0,9.2,in_progress,at_risk,1080.0,26.928281461434374,1.7,1.35678391959799,False
VEL117,DRV091,2024-02-06,2024-02-06 17:11:00,196,0.5,392.0,170,222.0,1,ahead,Kavita Driver91,kolkata,full_day,8.1,203.0,26,5,GOAL090,2024-02-06 07:51:00,2024-02-06 17:01:00.000000000,1133.0,7.4,at_risk,on_track,937.0,17.29920564872021,0.0,2.3903061224489797,True
VEL118,DRV094,2024-02-06,2024-02-06 07:53:00,198,0.57,347.37,170,177.37,1,ahead,Kavitha Driver94,delhi,morning,7.3,170.0,18,4,GOAL093,2024-02-06 09:25:00,2024-02-06 18:35:00.000000000,1408.0,7.9,at_risk,ahead,1210.0,14.0625,10.7,3.483317500071969,False
VEL120,DRV094,2024-02-06,2024-02-06 14:06:00,568,6.78,83.78,180,-96.22,2,at_risk,Kavitha Driver94,delhi,morning,7.3,170.0,18,4,GOAL093,2024-02-06 09:25:00,2024-02-06 18:35:00.000000000,1408.0,7.9,at_risk,ahead,840.0,40.340909090909086,4.483333333333333,10.02625925041776,True
VEL119,DRV094,2024-02-06,2024-02-06 16:46:00,568,9.45,60.11,180,-119.89,2,at_risk,Kavitha Driver94,delhi,morning,7.3,170.0,18,4,GOAL093,2024-02-06 09:25:00,2024-02-06 18:35:00.000000000,1408.0,7.9,at_risk,ahead,840.0,40.340909090909086,1.8166666666666667,13.97438030277824,True
VEL121,DRV095,2024-02-06,2024-02-06 10:40:00,164,0.6,273.33,191,82.33,1,ahead,Vijay Driver95,kolkata,evening,8.3,195.0,45,4,GOAL094,2024-02-06 09:30:00,2024-02-06 17:40:00.000000000,1248.0,8.1,achieved,at_risk,1084.0,13.141025641025642,7.0,3.965902023195405,False
VEL122,DRV095,2024-02-06,2024-02-06 11:15:00,409,1.18,346.61,180,166.61,2,ahead,Vijay Driver95,kolkata,evening,8.3,195.0,45,4,GOAL094,2024-02-06 09:30:00,2024-02-06 17:40:00.000000000,1248.0,8.1,achieved,at_risk,839.0,32.7724358974359,6.416666666666667,2.420587980727619,False
VEL123,DRV096,2024-02-06,2024-02-06 10:22:00,468,0.62,754.84,192,562.84,1,ahead,Rahul Driver96,bangalore,morning,7.9,205.0,45,5,GOAL095,2024-02-06 08:33:00,2024-02-06 14:43:00.000000000,1199.0,9.7,achieved,ahead,731.0,39.0325271059216,4.35,0.9684171480048752,False
VEL124,DRV096,2024-02-06,2024-02-06 11:46:00,768,2.02,380.2,184,196.2,2,ahead,Rahul Driver96,bangalore,morning,7.9,205.0,45,5,GOAL095,2024-02-06 08:33:00,2024-02-06 14:43:00.000000000,1199.0,9.7,achieved,ahead,431.0,64.0533778148457,2.95,1.1336138874276698,False
VEL125,DRV097,2024-02-06,2024-02-06 10:05:00,167,0.5,334.0,186,148.0,1,ahead,Vijay Driver97,pune,afternoon,7.6,195.0,44,4,GOAL096,2024-02-06 08:21:00,2024-02-06 16:31:00.000000000,1373.0,9.2,achieved,at_risk,1206.0,12.163146394756009,6.433333333333334,3.6107784431137726,False
VEL126,DRV099,2024-02-06,2024-02-06 07:38:00,395,0.5,790.0,186,604.0,1,ahead,Pooja Driver99,hyderabad,evening,8.4,194.0,44,5,GOAL098,2024-02-06 06:53:00,2024-02-06 12:03:00.000000000,1112.0,7.6,achieved,at_risk,717.0,35.52158273381295,4.416666666666667,0.9075949367088607,False
VEL127,DRV100,2024-02-06,2024-02-06 15:38:00,279,0.5,558.0,186,372.0,1,ahead,Deepa Driver100,chennai,full_day,8.4,171.0,38,4,GOAL099,2024-02-06 07:46:00,2024-02-06 15:56:00.000000000,1357.0,6.8,in_progress,ahead,1078.0,20.56005895357406,0.3,1.9318996415770608,True
VEL128,DRV102,2024-02-06,2024-02-06 14:02:00,294,0.5,588.0,178,410.0,1,ahead,Neha Driver102,mumbai,evening,6.9,175.0,33,5,GOAL101,2024-02-06 10:51:00,2024-02-06 17:01:00.000000000,1213.0,8.8,at_risk,on_track,919.0,24.237427864798022,2.9833333333333334,1.5629251700680271,False
VEL129,DRV104,2024-02-06,2024-02-06 13:39:00,210,0.63,333.33,190,143.33,1,ahead,Vijay Driver104,delhi,afternoon,7.7,182.0,23,5,GOAL103,2024-02-06 06:24:00,2024-02-06 15:34:00.000000000,1440.0,10.0,achieved,on_track,1230.0,14.583333333333334,1.9166666666666667,3.690036900369004,True
VEL130,DRV106,2024-02-06,2024-02-06 09:39:00,260,0.5,520.0,174,346.0,1,ahead,Pooja Driver106,bangalore,morning,8.4,201.0,47,4,GOAL105,2024-02-06 10:49:00,2024-02-06 19:59:00.000000000,1323.0,8.5,at_risk,at_risk,1063.0,19.65230536659108,10.333333333333334,2.044230769230769,False
VEL132,DRV106,2024-02-06,2024-02-06 11:03:00,428,1.7,251.76,195,56.76,2,ahead,Pooja Driver106,bangalore,morning,8.4,201.0,47,4,GOAL105,2024-02-06 10:49:00,2024-02-06 19:59:00.000000000,1323.0,8.5,at_risk,at_risk,895.0,32.35071806500378,8.933333333333334,3.5549729901493485,False
VEL131,DRV106,2024-02-06,2024-02-06 11:52:00,428,2.52,169.84,195,-25.16,2,at_risk,Pooja Driver106,bangalore,morning,8.4,201.0,47,4,GOAL105,2024-02-06 10:49:00,2024-02-06 19:59:00.000000000,1323.0,8.5,at_risk,at_risk,895.0,32.35071806500378,8.116666666666667,5.269665567593028,False
VEL133,DRV107,2024-02-06,2024-02-06 06:10:00,325,0.5,650.0,177,473.0,1,ahead,Priya Driver107,mumbai,full_day,7.3,190.0,39,5,GOAL106,2024-02-06 06:02:00,2024-02-06 12:12:00.000000000,1172.0,8.3,in_progress,at_risk,847.0,27.730375426621162,6.033333333333333,1.303076923076923,False
VEL135,DRV107,2024-02-06,2024-02-06 06:30:00,470,0.0,940.0,198,742.0,2,ahead,Priya Driver107,mumbai,full_day,7.3,190.0,39,5,GOAL106,2024-02-06 06:02:00,2024-02-06 12:12:00.000000000,1172.0,8.3,in_progress,at_risk,702.0,40.1023890784983,5.7,0.7468085106382979,False
VEL134,DRV107,2024-02-06,2024-02-06 07:03:00,470,0.5,940.0,198,742.0,2,ahead,Priya Driver107,mumbai,full_day,7.3,190.0,39,5,GOAL106,2024-02-06 06:02:00,2024-02-06 12:12:00.000000000,1172.0,8.3,in_progress,at_risk,702.0,40.1023890784983,5.15,0.7468085106382979,False
VEL136,DRV107,2024-02-06,2024-02-06 12:10:00,708,5.57,127.11,193,-65.89,3,at_risk,Priya Driver107,mumbai,full_day,7.3,190.0,39,5,GOAL106,2024-02-06 06:02:00,2024-02-06 12:12:00.000000000,1172.0,8.3,in_progress,at_risk,464.0,60.40955631399317,0.03333333333333333,3.6503815592793645,True
VEL137,DRV107,2024-02-06,2024-02-06 12:38:00,708,6.03,117.41,193,-75.59,3,at_risk,Priya Driver107,mumbai,full_day,7.3,190.0,39,5,GOAL106,2024-02-06 06:02:00,2024-02-06 12:12:00.000000000,1172.0,8.3,in_progress,at_risk,464.0,60.40955631399317,0.0,3.9519632058598075,True
VEL138,DRV107,2024-02-06,2024-02-06 16:23:00,1008,9.78,103.07,181,-77.93,4,at_risk,Priya Driver107,mumbai,full_day,7.3,190.0,39,5,GOAL106,2024-02-06 06:02:00,2024-02-06 12:12:00.000000000,1172.0,8.3,in_progress,at_risk,164.0,86.00682593856655,0.0,1.5911516445134375,True
VEL139,DRV107,2024-02-06,2024-02-06 17:56:00,1358,11.33,119.86,196,-76.14,5,at_risk,Priya Driver107,mumbai,full_day,7.3,190.0,39,5,GOAL106,2024-02-06 06:02:00,2024-02-06 12:12:00.000000000,1172.0,8.3,in_progress,at_risk,0.0,100.0,0.0,0.0,False
VEL140,DRV108,2024-02-06,2024-02-06 13:25:00,321,0.5,642.0,199,443.0,1,ahead,Naveen Driver108,hyderabad,full_day,6.6,202.0,25,5,GOAL107,2024-02-06 07:41:00,2024-02-06 13:51:00.000000000,1138.0,8.7,achieved,at_risk,817.0,28.207381370826013,0.43333333333333335,1.2725856697819315,True
VEL141,DRV110,2024-02-06,2024-02-06 17:27:00,305,0.5,610.0,192,418.0,1,ahead,Kavita Driver110,chennai,full_day,9.0,181.0,37,5,GOAL109,2024-02-06 07:00:00,2024-02-06 16:10:00.000000000,1593.0,6.5,achieved,at_risk,1288.0,19.146264908976775,0.0,2.1114754098360655,True
VEL142,DRV111,2024-02-06,2024-02-06 07:38:00,235,0.5,470.0,174,296.0,1,ahead,Sandeep Driver111,ahmedabad,evening,8.4,170.0,21,5,GOAL110,2024-02-06 08:25:00,2024-02-06 14:35:00.000000000,1747.0,10.0,at_risk,at_risk,1512.0,13.45163136805953,6.95,3.217021276595745,False
VEL143,DRV112,2024-02-06,2024-02-06 06:21:00,244,0.5,488.0,170,318.0,1,ahead,Pooja Driver112,chennai,evening,8.1,186.0,19,5,GOAL111,2024-02-06 06:53:00,2024-02-06 15:03:00.000000000,1396.0,8.6,achieved,ahead,1152.0,17.478510028653297,8.7,2.360655737704918,False
VEL144,DRV112,2024-02-06,2024-02-06 08:32:00,629,1.73,363.58,176,187.58,2,ahead,Pooja Driver112,chennai,evening,8.1,186.0,19,5,GOAL111,2024-02-06 06:53:00,2024-02-06 15:03:00.000000000,1396.0,8.6,achieved,ahead,767.0,45.05730659025788,6.516666666666667,2.109576984432587,False
VEL145,DRV114,2024-02-06,2024-02-06 13:33:00,427,0.53,805.66,174,631.66,1,ahead,Shweta Driver114,pune,full_day,8.5,193.0,31,5,GOAL113,2024-02-06 07:08:00,2024-02-06 13:18:00.000000000,1297.0,6.1,in_progress,ahead,870.0,32.92212798766384,0.0,1.0798599905667403,True
VEL146,DRV118,2024-02-06,2024-02-06 11:14:00,416,0.5,832.0,187,645.0,1,ahead,Anita Driver118,hyderabad,evening,8.0,173.0,33,4,GOAL117,2024-02-06 06:30:00,2024-02-06 16:40:00.000000000,1146.0,7.0,in_progress,ahead,730.0,36.3001745200698,5.433333333333334,0.8774038461538461,False
VEL147,DRV118,2024-02-06,2024-02-06 17:00:00,626,5.22,119.92,179,-59.08,2,at_risk,Anita Driver118,hyderabad,evening,8.0,173.0,33,4,GOAL117,2024-02-06 06:30:00,2024-02-06 16:40:00.000000000,1146.0,7.0,in_progress,ahead,520.0,54.62478184991274,0.0,4.336224149432955,True
VEL149,DRV118,2024-02-06,2024-02-06 17:07:00,839,5.33,157.41,186,-28.59,3,at_risk,Anita Driver118,hyderabad,evening,8.0,173.0,33,4,GOAL117,2024-02-06 06:30:00,2024-02-06 16:40:00.000000000,1146.0,7.0,in_progress,ahead,307.0,73.21116928446772,0.0,1.9503208182453466,True
VEL148,DRV118,2024-02-06,2024-02-06 17:48:00,839,6.02,139.37,186,-46.63,3,at_risk,Anita Driver118,hyderabad,evening,8.0,173.0,33,4,GOAL117,2024-02-06 06:30:00,2024-02-06 16:40:00.000000000,1146.0,7.0,in_progress,ahead,307.0,73.21116928446772,0.0,2.202769606084523,True
VEL150,DRV124,2024-02-06,2024-02-06 16:15:00,328,0.5,656.0,173,483.0,1,ahead,Lakshmi Driver124,chennai,full_day,8.2,195.0,12,4,GOAL123,2024-02-06 10:24:00,2024-02-06 17:34:00.000000000,1116.0,9.5,in_progress,on_track,788.0,29.39068100358423,1.3166666666666667,1.201219512195122,False
VEL151,DRV126,2024-02-06,2024-02-06 09:48:00,180,0.5,360.0,197,163.0,1,ahead,Ravi Driver126,hyderabad,full_day,8.7,193.0,45,5,GOAL125,2024-02-06 08:33:00,2024-02-06 17:43:00.000000000,1521.0,7.0,in_progress,ahead,1341.0,11.834319526627219,7.916666666666667,3.725,False
VEL152,DRV127,2024-02-06,2024-02-06 12:41:00,294,0.58,506.9,175,331.9,1,ahead,Kiran Driver127,kolkata,afternoon,6.6,171.0,16,5,GOAL126,2024-02-06 07:45:00,2024-02-06 16:55:00.000000000,1726.0,9.8,achieved,at_risk,1432.0,17.033603707995365,4.233333333333333,2.8250147958177156,False
VEL153,DRV127,2024-02-06,2024-02-06 17:31:00,515,5.42,95.02,182,-86.98,2,at_risk,Kiran Driver127,kolkata,afternoon,6.6,171.0,16,5,GOAL126,2024-02-06 07:45:00,2024-02-06 16:55:00.000000000,1726.0,9.8,achieved,at_risk,1211.0,29.837775202780996,0.0,12.744685329404337,True
VEL154,DRV128,2024-02-06,2024-02-06 08:16:00,209,0.5,418.0,183,235.0,1,ahead,Vijay Driver128,bangalore,afternoon,6.6,176.0,14,4,GOAL127,2024-02-06 09:00:00,2024-02-06 19:10:00.000000000,1341.0,6.8,at_risk,at_risk,1132.0,15.58538404175988,10.9,2.708133971291866,False
VEL155,DRV130,2024-02-06,2024-02-06 11:08:00,200,0.5,400.0,181,219.0,1,ahead,Kavitha Driver130,delhi,morning,8.3,194.0,27,4,GOAL129,2024-02-06 06:50:00,2024-02-06 13:00:00.000000000,1585.0,8.0,in_progress,on_track,1385.0,12.618296529968454,1.8666666666666667,3.4625,True
VEL156,DRV130,2024-02-06,2024-02-06 13:00:00,506,1.22,414.75,179,235.75,2,ahead,Kavitha Driver130,delhi,morning,8.3,194.0,27,4,GOAL129,2024-02-06 06:50:00,2024-02-06 13:00:00.000000000,1585.0,8.0,in_progress,on_track,1079.0,31.92429022082019,0.0,2.601567209162146,True
VEL157,DRV131,2024-02-06,2024-02-06 09:42:00,149,0.55,270.91,196,74.91,1,ahead,Rekha Driver131,ahmedabad,afternoon,6.5,180.0,9,4,GOAL130,2024-02-06 08:18:00,2024-02-06 15:28:00.000000000,1545.0,7.0,achieved,on_track,1396.0,9.64401294498382,5.766666666666667,5.153002842272341,False
VEL159,DRV131,2024-02-06,2024-02-06 10:22:00,528,1.22,432.79,176,256.79,2,ahead,Rekha Driver131,ahmedabad,afternoon,6.5,180.0,9,4,GOAL130,2024-02-06 08:18:00,2024-02-06 15:28:00.000000000,1545.0,7.0,achieved,on_track,1017.0,34.1747572815534,5.1,2.3498694516971277,False
VEL158,DRV131,2024-02-06,2024-02-06 14:32:00,528,5.38,98.14,176,-77.86,2,at_risk,Rekha Driver131,ahmedabad,afternoon,6.5,180.0,9,4,GOAL130,2024-02-06 08:18:00,2024-02-06 15:28:00.000000000,1545.0,7.0,achieved,on_track,1017.0,34.1747572815534,0.9333333333333333,10.362747095985327,True
VEL160,DRV132,2024-02-06,2024-02-06 10:06:00,444,0.5,888.0,177,711.0,1,ahead,Neha Driver132,chennai,full_day,7.6,204.0,25,5,GOAL131,2024-02-06 06:47:00,2024-02-06 12:57:00.000000000,1650.0,6.7,in_progress,on_track,1206.0,26.90909090909091,2.85,1.3581081081081081,False
VEL161,DRV132,2024-02-06,2024-02-06 13:43:00,667,3.25,205.23,180,25.23,2,ahead,Neha Driver132,chennai,full_day,7.6,204.0,25,5,GOAL131,2024-02-06 06:47:00,2024-02-06 12:57:00.000000000,1650.0,6.7,in_progress,on_track,983.0,40.42424242424242,0.0,4.7897480875115725,True
VEL162,DRV133,2024-02-06,2024-02-06 07:21:00,393,0.5,786.0,196,590.0,1,ahead,Sanjay Driver133,delhi,full_day,8.2,197.0,41,5,GOAL132,2024-02-06 07:46:00,2024-02-06 16:56:00.000000000,1706.0,8.3,at_risk,at_risk,1313.0,23.036342321219227,9.583333333333334,1.6704834605597965,False
VEL163,DRV133,2024-02-06,2024-02-06 07:26:00,665,0.5,1330.0,181,1149.0,2,ahead,Sanjay Driver133,delhi,full_day,8.2,197.0,41,5,GOAL132,2024-02-06 07:46:00,2024-02-06 16:56:00.000000000,1706.0,8.3,at_risk,at_risk,1041.0,38.98007033997655,9.5,0.7827067669172932,False
VEL164,DRV133,2024-02-06,2024-02-06 09:51:00,1105,1.93,572.54,176,396.54,3,ahead,Sanjay Driver133,delhi,full_day,8.2,197.0,41,5,GOAL132,2024-02-06 07:46:00,2024-02-06 16:56:00.000000000,1706.0,8.3,at_risk,at_risk,601.0,64.77139507620164,7.083333333333333,1.0497083173228072,False
VEL165,DRV134,2024-02-06,2024-02-06 11:57:00,313,0.57,549.12,196,353.12,1,ahead,Priya Driver134,hyderabad,evening,7.7,184.0,13,5,GOAL133,2024-02-06 07:49:00,2024-02-06 13:59:00.000000000,1433.0,6.9,in_progress,at_risk,1120.0,21.84228890439637,2.033333333333333,2.0396270396270397,True
VEL166,DRV135,2024-02-06,2024-02-06 12:03:00,261,0.5,522.0,200,322.0,1,ahead,Neha Driver135,kolkata,evening,6.5,170.0,8,5,GOAL134,2024-02-06 07:04:00,2024-02-06 16:14:00.000000000,1699.0,7.9,at_risk,at_risk,1438.0,15.361977633902296,4.183333333333334,2.7547892720306515,False
VEL167,DRV136,2024-02-06,2024-02-06 09:28:00,327,0.5,654.0,197,457.0,1,ahead,Sanjay Driver136,chennai,evening,7.6,170.0,39,5,GOAL135,2024-02-06 07:24:00,2024-02-06 15:34:00.000000000,1239.0,7.8,achieved,on_track,912.0,26.39225181598063,6.1,1.3944954128440368,False
VEL169,DRV136,2024-02-06,2024-02-06 09:50:00,777,0.68,1142.65,180,962.65,2,ahead,Sanjay Driver136,chennai,evening,7.6,170.0,39,5,GOAL135,2024-02-06 07:24:00,2024-02-06 15:34:00.000000000,1239.0,7.8,achieved,on_track,462.0,62.71186440677966,5.733333333333333,0.4043232835951516,False
VEL168,DRV136,2024-02-06,2024-02-06 14:50:00,777,5.68,136.8,180,-43.2,2,at_risk,Sanjay Driver136,chennai,evening,7.6,170.0,39,5,GOAL135,2024-02-06 07:24:00,2024-02-06 15:34:00.000000000,1239.0,7.8,achieved,on_track,462.0,62.71186440677966,0.7333333333333333,3.37719298245614,True
VEL170,DRV138,2024-02-06,2024-02-06 08:39:00,167,0.62,269.35,181,88.35,1,ahead,Rahul Driver138,chennai,afternoon,7.4,205.0,35,5,GOAL137,2024-02-06 09:10:00,2024-02-06 17:20:00.000000000,1325.0,9.5,at_risk,ahead,1158.0,12.603773584905662,8.683333333333334,4.299238908483385,False
VEL172,DRV138,2024-02-06,2024-02-06 09:05:00,484,1.05,460.95,198,262.95,2,ahead,Rahul Driver138,chennai,afternoon,7.4,205.0,35,5,GOAL137,2024-02-06 09:10:00,2024-02-06 17:20:00.000000000,1325.0,9.5,at_risk,ahead,841.0,36.528301886792455,8.25,1.8244928951079293,False
VEL171,DRV138,2024-02-06,2024-02-06 09:30:00,484,1.47,329.25,198,131.25,2,ahead,Rahul Driver138,chennai,afternoon,7.4,205.0,35,5,GOAL137,2024-02-06 09:10:00,2024-02-06 17:20:00.000000000,1325.0,9.5,at_risk,ahead,841.0,36.528301886792455,7.833333333333333,2.554290053151101,False
VEL174,DRV138,2024-02-06,2024-02-06 09:46:00,688,1.73,397.69,179,218.69,3,ahead,Rahul Driver138,chennai,afternoon,7.4,205.0,35,5,GOAL137,2024-02-06 09:10:00,2024-02-06 17:20:00.000000000,1325.0,9.5,at_risk,ahead,637.0,51.924528301886795,7.566666666666666,1.6017501068671578,False
VEL173,DRV138,2024-02-06,2024-02-06 10:15:00,688,2.22,309.91,179,130.91,3,ahead,Rahul Driver138,chennai,afternoon,7.4,205.0,35,5,GOAL137,2024-02-06 09:10:00,2024-02-06 17:20:00.000000000,1325.0,9.5,at_risk,ahead,637.0,51.924528301886795,7.083333333333333,2.055435449001323,False
VEL175,DRV139,2024-02-06,2024-02-06 16:27:00,426,0.5,852.0,183,669.0,1,ahead,Lakshmi Driver139,kolkata,full_day,6.8,175.0,35,5,GOAL138,2024-02-06 07:36:00,2024-02-06 17:46:00.000000000,1335.0,6.3,in_progress,ahead,909.0,31.910112359550563,1.3166666666666667,1.0669014084507042,False
VEL176,DRV141,2024-02-06,2024-02-06 14:30:00,376,0.5,752.0,177,575.0,1,ahead,Arun Driver141,delhi,afternoon,7.0,199.0,47,5,GOAL140,2024-02-06 08:27:00,2024-02-06 18:37:00.000000000,1327.0,9.6,in_progress,at_risk,951.0,28.334589299171064,4.116666666666666,1.264627659574468,False
VEL177,DRV142,2024-02-06,2024-02-06 15:59:00,156,0.53,294.34,178,116.34,1,ahead,Kavitha Driver142,ahmedabad,afternoon,7.1,179.0,11,5,GOAL141,2024-02-06 06:02:00,2024-02-06 15:12:00.000000000,1616.0,6.1,at_risk,on_track,1460.0,9.653465346534654,0.0,4.9602500509614735,True
VEL178,DRV143,2024-02-06,2024-02-06 09:15:00,184,0.5,368.0,175,193.0,1,ahead,Rahul Driver143,delhi,morning,7.0,178.0,36,5,GOAL142,2024-02-06 09:31:00,2024-02-06 16:41:00.000000000,1185.0,8.2,achieved,on_track,1001.0,15.527426160337555,7.433333333333334,2.720108695652174,False
VEL180,DRV143,2024-02-06,2024-02-06 11:26:00,616,1.68,366.67,170,196.67,2,ahead,Rahul Driver143,delhi,morning,7.0,178.0,36,5,GOAL142,2024-02-06 09:31:00,2024-02-06 16:41:00.000000000,1185.0,8.2,achieved,on_track,569.0,51.983122362869196,5.25,1.5518040745084134,False
VEL179,DRV143,2024-02-06,2024-02-06 13:43:00,616,3.97,155.16,170,-14.84,2,at_risk,Rahul Driver143,delhi,morning,7.0,178.0,36,5,GOAL142,2024-02-06 09:31:00,2024-02-06 16:41:00.000000000,1185.0,8.2,achieved,on_track,569.0,51.983122362869196,2.966666666666667,3.6671822634699667,True
VEL181,DRV144,2024-02-06,2024-02-06 15:25:00,318,0.55,578.18,191,387.18,1,ahead,Deepa Driver144,bangalore,afternoon,6.1,183.0,29,5,GOAL143,2024-02-06 07:22:00,2024-02-06 15:32:00.000000000,1344.0,8.6,at_risk,at_risk,1026.0,23.660714285714285,0.11666666666666667,1.7745338821820196,True
VEL182,DRV145,2024-02-06,2024-02-06 19:35:00,345,0.5,690.0,177,513.0,1,ahead,Anita Driver145,chennai,full_day,8.4,172.0,29,4,GOAL144,2024-02-06 07:45:00,2024-02-06 16:55:00.000000000,1684.0,9.0,achieved,on_track,1339.0,20.486935866983373,0.0,1.9405797101449276,True
VEL183,DRV146,2024-02-06,2024-02-06 17:16:00,366,0.5,732.0,173,559.0,1,ahead,Sanjay Driver146,mumbai,evening,8.7,174.0,42,5,GOAL145,2024-02-06 09:11:00,2024-02-06 17:21:00.000000000,1741.0,7.9,at_risk,on_track,1375.0,21.022400919012064,0.08333333333333333,1.8784153005464481,True
VEL184,DRV147,2024-02-06,2024-02-06 10:19:00,154,0.5,308.0,172,136.0,1,ahead,Manoj Driver147,hyderabad,full_day,8.9,177.0,23,5,GOAL146,2024-02-06 09:57:00,2024-02-06 17:07:00.000000000,1643.0,6.1,at_risk,ahead,1489.0,9.373097991479002,6.8,4.834415584415584,False
VEL185,DRV147,2024-02-06,2024-02-06 17:31:00,308,6.65,46.32,190,-143.68,2,at_risk,Manoj Driver147,hyderabad,full_day,8.9,177.0,23,5,GOAL146,2024-02-06 09:57:00,2024-02-06 17:07:00.000000000,1643.0,6.1,at_risk,ahead,1335.0,18.746195982958003,0.0,28.821243523316063,True
VEL186,DRV148,2024-02-06,2024-02-06 07:26:00,331,0.5,662.0,187,475.0,1,ahead,Kiran Driver148,pune,morning,6.7,176.0,41,5,GOAL147,2024-02-06 10:36:00,2024-02-06 17:46:00.000000000,1182.0,8.5,in_progress,ahead,851.0,28.00338409475465,10.333333333333334,1.2854984894259818,False
VEL187,DRV149,2024-02-06,2024-02-06 11:46:00,161,0.58,277.59,173,104.59,1,ahead,Manoj Driver149,ahmedabad,full_day,8.4,189.0,28,4,GOAL148,2024-02-06 08:56:00,2024-02-06 14:06:00.000000000,1213.0,7.5,achieved,at_risk,1052.0,13.27287716405606,2.3333333333333335,3.789761879030225,True
VEL188,DRV150,2024-02-06,2024-02-06 12:57:00,173,0.5,346.0,183,163.0,1,ahead,Kavita Driver150,bangalore,evening,7.7,189.0,20,5,GOAL149,2024-02-06 07:41:00,2024-02-06 17:51:00.000000000,1168.0,8.2,achieved,on_track,995.0,14.81164383561644,4.9,2.8757225433526012,False
VEL189,DRV151,2024-02-06,2024-02-06 17:02:00,409,0.5,818.0,174,644.0,1,ahead,Kavita Driver151,pune,morning,6.8,197.0,28,4,GOAL150,2024-02-06 10:07:00,2024-02-06 19:17:00.000000000,1694.0,9.5,at_risk,on_track,1285.0,24.14403778040142,2.25,1.5709046454767726,False
VEL190,DRV153,2024-02-06,2024-02-06 13:19:00,270,0.5,540.0,179,361.0,1,ahead,Anita Driver153,delhi,evening,8.7,185.0,18,5,GOAL152,2024-02-06 09:31:00,2024-02-06 19:41:00.000000000,1639.0,9.3,at_risk,ahead,1369.0,16.47345942647956,6.366666666666666,2.535185185185185,False
VEL191,DRV156,2024-02-06,2024-02-06 07:44:00,314,0.5,628.0,186,442.0,1,ahead,Kiran Driver156,pune,morning,8.4,192.0,16,5,GOAL155,2024-02-06 07:31:00,2024-02-06 14:41:00.000000000,1309.0,8.1,at_risk,ahead,995.0,23.9877769289534,6.95,1.5843949044585988,False
VEL192,DRV157,2024-02-06,2024-02-06 07:28:00,245,0.5,490.0,178,312.0,1,ahead,Kavita Driver157,ahmedabad,full_day,8.0,204.0,39,4,GOAL156,2024-02-06 07:30:00,2024-02-06 15:40:00.000000000,1530.0,7.8,in_progress,on_track,1285.0,16.013071895424837,8.2,2.622448979591837,False
VEL193,DRV157,2024-02-06,2024-02-06 12:03:00,596,5.05,118.02,193,-74.98,2,at_risk,Kavita Driver157,ahmedabad,full_day,8.0,204.0,39,4,GOAL156,2024-02-06 07:30:00,2024-02-06 15:40:00.000000000,1530.0,7.8,in_progress,on_track,934.0,38.954248366013076,3.6166666666666667,7.913912896119302,True
VEL194,DRV160,2024-02-06,2024-02-06 09:12:00,218,0.5,436.0,186,250.0,1,ahead,Priya Driver160,chennai,full_day,6.0,202.0,32,5,GOAL159,2024-02-06 07:57:00,2024-02-06 15:07:00.000000000,1275.0,9.2,achieved,on_track,1057.0,17.098039215686274,5.916666666666667,2.4243119266055047,False
VEL195,DRV160,2024-02-06,2024-02-06 17:23:00,646,7.63,84.67,178,-93.33,2,at_risk,Priya Driver160,chennai,full_day,6.0,202.0,32,5,GOAL159,2024-02-06 07:57:00,2024-02-06 15:07:00.000000000,1275.0,9.2,achieved,on_track,629.0,50.66666666666667,0.0,7.428841384197472,True
VEL196,DRV161,2024-02-06,2024-02-06 08:36:00,409,0.5,818.0,171,647.0,1,ahead,Rahul Driver161,chennai,afternoon,7.1,174.0,42,5,GOAL160,2024-02-06 07:22:00,2024-02-06 15:32:00.000000000,1566.0,9.8,at_risk,ahead,1157.0,26.11749680715198,6.933333333333334,1.4144254278728607,False
VEL197,DRV161,2024-02-06,2024-02-06 08:59:00,758,0.75,1010.67,179,831.67,2,ahead,Rahul Driver161,chennai,afternoon,7.1,174.0,42,5,GOAL160,2024-02-06 07:22:00,2024-02-06 15:32:00.000000000,1566.0,9.8,at_risk,ahead,808.0,48.40357598978289,6.55,0.7994696587412311,False
VEL198,DRV161,2024-02-06,2024-02-06 18:32:00,1056,10.3,102.52,198,-95.48,3,at_risk,Rahul Driver161,chennai,afternoon,7.1,174.0,42,5,GOAL160,2024-02-06 07:22:00,2024-02-06 15:32:00.000000000,1566.0,9.8,at_risk,ahead,510.0,67.43295019157088,0.0,4.974639094810769,True
VEL199,DRV165,2024-02-06,2024-02-06 16:46:00,356,0.6,593.33,172,421.33,1,ahead,Ravi Driver165,ahmedabad,evening,6.2,184.0,46,5,GOAL164,2024-02-06 09:59:00,2024-02-06 18:09:00.000000000,1248.0,9.8,at_risk,ahead,892.0,28.525641025641026,1.3833333333333333,1.503379232467598,True
VEL200,DRV168,2024-02-06,2024-02-06 15:15:00,408,0.5,816.0,186,630.0,1,ahead,Kavita Driver168,bangalore,evening,6.3,183.0,41,4,GOAL167,2024-02-06 06:25:00,2024-02-06 16:35:00.000000000,1325.0,7.8,at_risk,ahead,917.0,30.792452830188676,1.3333333333333333,1.1237745098039216,False
VEL201,DRV169,2024-02-06,2024-02-06 16:25:00,425,0.5,850.0,193,657.0,1,ahead,Deepa Driver169,kolkata,afternoon,6.7,185.0,44,5,GOAL168,2024-02-06 07:37:00,2024-02-06 17:47:00.000000000,1327.0,9.1,in_progress,ahead,902.0,32.02712886209495,1.3666666666666667,1.0611764705882354,False
VEL202,DRV170,2024-02-06,2024-02-06 06:45:00,149,0.5,298.0,188,110.0,1,ahead,Lakshmi Driver170,kolkata,morning,8.7,192.0,37,5,GOAL169,2024-02-06 09:43:00,2024-02-06 15:53:00.000000000,1624.0,7.6,at_risk,ahead,1475.0,9.17487684729064,9.133333333333333,4.949664429530201,False
VEL203,DRV170,2024-02-06,2024-02-06 08:12:00,414,1.8,230.0,189,41.0,2,ahead,Lakshmi Driver170,kolkata,morning,8.7,192.0,37,5,GOAL169,2024-02-06 09:43:00,2024-02-06 15:53:00.000000000,1624.0,7.6,at_risk,ahead,1210.0,25.492610837438423,7.683333333333334,5.260869565217392,False
VEL204,DRV172,2024-02-06,2024-02-06 12:49:00,151,0.5,302.0,198,104.0,1,ahead,Lakshmi Driver172,ahmedabad,evening,9.2,205.0,28,5,GOAL171,2024-02-06 08:22:00,2024-02-06 16:32:00.000000000,1415.0,9.9,at_risk,at_risk,1264.0,10.671378091872793,3.716666666666667,4.185430463576159,True
VEL206,DRV172,2024-02-06,2024-02-06 13:17:00,408,0.78,523.08,191,332.08,2,ahead,Lakshmi Driver172,ahmedabad,evening,9.2,205.0,28,5,GOAL171,2024-02-06 08:22:00,2024-02-06 16:32:00.000000000,1415.0,9.9,at_risk,at_risk,1007.0,28.833922261484098,3.25,1.9251357344956792,False
VEL205,DRV172,2024-02-06,2024-02-06 14:58:00,408,2.47,165.18,191,-25.82,2,at_risk,Lakshmi Driver172,ahmedabad,evening,9.2,205.0,28,5,GOAL171,2024-02-06 08:22:00,2024-02-06 16:32:00.000000000,1415.0,9.9,at_risk,at_risk,1007.0,28.833922261484098,1.5666666666666667,6.096379706986318,True
VEL207,DRV174,2024-02-06,2024-02-06 12:48:00,262,0.5,524.0,186,338.0,1,ahead,Priya Driver174,hyderabad,evening,9.4,198.0,33,4,GOAL173,2024-02-06 10:38:00,2024-02-06 16:48:00.000000000,1247.0,6.8,at_risk,at_risk,985.0,21.010425020048114,4.0,1.8797709923664123,False
VEL208,DRV175,2024-02-06,2024-02-06 06:21:00,280,0.5,560.0,187,373.0,1,ahead,Kavita Driver175,hyderabad,morning,7.8,189.0,8,5,GOAL174,2024-02-06 06:59:00,2024-02-06 16:09:00.000000000,1484.0,6.4,achieved,at_risk,1204.0,18.867924528301888,9.8,2.15,False
VEL209,DRV175,2024-02-06,2024-02-06 06:26:00,575,0.5,1150.0,182,968.0,2,ahead,Kavita Driver175,hyderabad,morning,7.8,189.0,8,5,GOAL174,2024-02-06 06:59:00,2024-02-06 16:09:00.000000000,1484.0,6.4,achieved,at_risk,909.0,38.746630727762806,9.716666666666667,0.7904347826086957,False
VEL210,DRV177,2024-02-06,2024-02-06 15:52:00,362,0.62,583.87,194,389.87,1,ahead,Naveen Driver177,delhi,morning,6.1,192.0,17,4,GOAL176,2024-02-06 10:31:00,2024-02-06 16:41:00.000000000,1409.0,9.3,at_risk,at_risk,1047.0,25.691980127750174,0.8166666666666667,1.7932073920564509,True
VEL211,DRV178,2024-02-06,2024-02-06 10:34:00,245,0.5,490.0,183,307.0,1,ahead,Neha Driver178,pune,afternoon,6.9,189.0,13,5,GOAL177,2024-02-06 07:01:00,2024-02-06 13:11:00.000000000,1257.0,7.1,at_risk,at_risk,1012.0,19.49085123309467,2.6166666666666667,2.0653061224489795,False
VEL212,DRV178,2024-02-06,2024-02-06 11:11:00,578,0.92,628.26,184,444.26,2,ahead,Neha Driver178,pune,afternoon,6.9,189.0,13,5,GOAL177,2024-02-06 07:01:00,2024-02-06 13:11:00.000000000,1257.0,7.1,at_risk,at_risk,679.0,45.98249801113763,2.0,1.0807627415401266,False
VEL213,DRV178,2024-02-06,2024-02-06 11:26:00,578,1.17,494.02,184,310.02,2,ahead,Neha Driver178,pune,afternoon,6.9,189.0,13,5,GOAL177,2024-02-06 07:01:00,2024-02-06 13:11:00.000000000,1257.0,7.1,at_risk,at_risk,679.0,45.98249801113763,1.75,1.3744382818509373,False
VEL214,DRV179,2024-02-06,2024-02-06 07:54:00,375,0.5,750.0,170,580.0,1,ahead,Naveen Driver179,pune,morning,8.5,200.0,19,5,GOAL178,2024-02-06 09:11:00,2024-02-06 18:21:00.000000000,1760.0,7.0,achieved,on_track,1385.0,21.306818181818183,10.45,1.8466666666666667,False
VEL216,DRV179,2024-02-06,2024-02-06 09:49:00,665,2.3,289.13,179,110.13,2,ahead,Naveen Driver179,pune,morning,8.5,200.0,19,5,GOAL178,2024-02-06 09:11:00,2024-02-06 18:21:00.000000000,1760.0,7.0,achieved,on_track,1095.0,37.784090909090914,8.533333333333333,3.7872237401860755,False
VEL215,DRV179,2024-02-06,2024-02-06 12:02:00,665,4.52,147.12,179,-31.88,2,at_risk,Naveen Driver179,pune,morning,8.5,200.0,19,5,GOAL178,2024-02-06 09:11:00,2024-02-06 18:21:00.000000000,1760.0,7.0,achieved,on_track,1095.0,37.784090909090914,6.316666666666666,7.442903752039151,True
VEL217,DRV182,2024-02-06,2024-02-06 14:21:00,222,0.5,444.0,183,261.0,1,ahead,Kavitha Driver182,mumbai,full_day,6.2,203.0,10,5,GOAL181,2024-02-06 10:03:00,2024-02-06 17:13:00.000000000,1427.0,7.8,in_progress,at_risk,1205.0,15.557112824106516,2.8666666666666667,2.713963963963964,False
VEL218,DRV183,2024-02-06,2024-02-06 09:16:00,371,0.5,742.0,191,551.0,1,ahead,Naveen Driver183,delhi,evening,7.8,184.0,17,4,GOAL182,2024-02-06 08:26:00,2024-02-06 16:36:00.000000000,1149.0,7.2,in_progress,ahead,778.0,32.28894691035683,7.333333333333333,1.0485175202156334,False
VEL219,DRV183,2024-02-06,2024-02-06 12:27:00,750,2.5,300.0,178,122.0,2,ahead,Naveen Driver183,delhi,evening,7.8,184.0,17,4,GOAL182,2024-02-06 08:26:00,2024-02-06 16:36:00.000000000,1149.0,7.2,in_progress,ahead,399.0,65.27415143603133,4.15,1.33,False
VEL220,DRV185,2024-02-06,2024-02-06 17:33:00,313,0.5,626.0,198,428.0,1,ahead,Amit Driver185,bangalore,full_day,8.0,173.0,43,5,GOAL184,2024-02-06 08:17:00,2024-02-06 16:27:00.000000000,1198.0,8.1,in_progress,on_track,885.0,26.12687813021703,0.0,1.4137380191693292,True
VEL221,DRV188,2024-02-06,2024-02-06 07:29:00,274,0.5,548.0,180,368.0,1,ahead,Sandeep Driver188,pune,afternoon,6.3,197.0,28,5,GOAL187,2024-02-06 06:26:00,2024-02-06 15:36:00.000000000,1178.0,6.5,achieved,at_risk,904.0,23.2597623089983,8.116666666666667,1.6496350364963503,False
VEL222,DRV188,2024-02-06,2024-02-06 07:38:00,494,0.5,988.0,170,818.0,2,ahead,Sandeep Driver188,pune,afternoon,6.3,197.0,28,5,GOAL187,2024-02-06 06:26:00,2024-02-06 15:36:00.000000000,1178.0,6.5,achieved,at_risk,684.0,41.935483870967744,7.966666666666667,0.6923076923076923,False
VEL223,DRV189,2024-02-06,2024-02-06 06:23:00,432,0.5,864.0,183,681.0,1,ahead,Naveen Driver189,bangalore,morning,8.4,197.0,31,5,GOAL188,2024-02-06 08:44:00,2024-02-06 16:54:00.000000000,1242.0,9.3,achieved,on_track,810.0,34.78260869565217,10.516666666666667,0.9375,False
VEL225,DRV189,2024-02-06,2024-02-06 09:12:00,760,2.4,316.67,176,140.67,2,ahead,Naveen Driver189,bangalore,morning,8.4,197.0,31,5,GOAL188,2024-02-06 08:44:00,2024-02-06 16:54:00.000000000,1242.0,9.3,achieved,on_track,482.0,61.191626409017715,7.7,1.5220892411658824,False
VEL224,DRV189,2024-02-06,2024-02-06 09:50:00,760,3.03,250.83,176,74.83,2,ahead,Naveen Driver189,bangalore,morning,8.4,197.0,31,5,GOAL188,2024-02-06 08:44:00,2024-02-06 16:54:00.000000000,1242.0,9.3,achieved,on_track,482.0,61.191626409017715,7.066666666666666,1.9216202208667224,False
VEL226,DRV189,2024-02-06,2024-02-06 10:30:00,1204,3.7,325.41,194,131.41,3,ahead,Naveen Driver189,bangalore,morning,8.4,197.0,31,5,GOAL188,2024-02-06 08:44:00,2024-02-06 16:54:00.000000000,1242.0,9.3,achieved,on_track,38.0,96.94041867954911,6.4,0.11677575981070033,False
VEL227,DRV189,2024-02-06,2024-02-06 10:34:00,1518,3.77,402.65,185,217.65,4,ahead,Naveen Driver189,bangalore,morning,8.4,197.0,31,5,GOAL188,2024-02-06 08:44:00,2024-02-06 16:54:00.000000000,1242.0,9.3,achieved,on_track,0.0,100.0,6.333333333333333,0.0,False
VEL228,DRV191,2024-02-06,2024-02-06 06:56:00,402,0.53,758.49,181,577.49,1,ahead,Kiran Driver191,delhi,full_day,6.2,184.0,20,5,GOAL190,2024-02-06 09:44:00,2024-02-06 15:54:00.000000000,1179.0,6.1,in_progress,on_track,777.0,34.096692111959285,8.966666666666667,1.0244037495550369,False
VEL229,DRV191,2024-02-06,2024-02-06 16:41:00,728,10.28,70.82,193,-122.18,2,at_risk,Kiran Driver191,delhi,full_day,6.2,184.0,20,5,GOAL190,2024-02-06 09:44:00,2024-02-06 15:54:00.000000000,1179.0,6.1,in_progress,on_track,451.0,61.747243426632735,0.0,6.368257554363175,True
VEL230,DRV192,2024-02-06,2024-02-06 12:39:00,420,0.55,763.64,177,586.64,1,ahead,Sanjay Driver192,bangalore,morning,8.6,185.0,47,5,GOAL191,2024-02-06 06:02:00,2024-02-06 16:12:00.000000000,1707.0,6.2,in_progress,on_track,1287.0,24.604569420035148,3.55,1.6853491173851554,False
VEL231,DRV193,2024-02-06,2024-02-06 12:21:00,399,0.5,798.0,190,608.0,1,ahead,Rekha Driver193,mumbai,evening,8.4,177.0,27,5,GOAL192,2024-02-06 08:42:00,2024-02-06 14:52:00.000000000,1198.0,9.1,at_risk,on_track,799.0,33.30550918196995,2.5166666666666666,1.0012531328320802,False
VEL233,DRV193,2024-02-06,2024-02-06 12:28:00,664,0.0,1328.0,179,1149.0,2,ahead,Rekha Driver193,mumbai,evening,8.4,177.0,27,5,GOAL192,2024-02-06 08:42:00,2024-02-06 14:52:00.000000000,1198.0,9.1,at_risk,on_track,534.0,55.425709515859765,2.4,0.40210843373493976,False
VEL232,DRV193,2024-02-06,2024-02-06 16:53:00,664,3.98,166.83,179,-12.17,2,at_risk,Rekha Driver193,mumbai,evening,8.4,177.0,27,5,GOAL192,2024-02-06 08:42:00,2024-02-06 14:52:00.000000000,1198.0,9.1,at_risk,on_track,534.0,55.425709515859765,0.0,3.200863154108973,True
VEL234,DRV194,2024-02-06,2024-02-06 12:34:00,241,0.5,482.0,187,295.0,1,ahead,Rahul Driver194,chennai,afternoon,8.6,183.0,21,5,GOAL193,2024-02-06 07:42:00,2024-02-06 15:52:00.000000000,1129.0,6.4,achieved,ahead,888.0,21.346324180690875,3.3,1.842323651452282,False
VEL235,DRV195,2024-02-06,2024-02-06 14:10:00,218,0.5,436.0,174,262.0,1,ahead,Vijay Driver195,ahmedabad,afternoon,8.4,171.0,32,5,GOAL194,2024-02-06 08:22:00,2024-02-06 15:32:00.000000000,1612.0,9.1,at_risk,on_track,1394.0,13.523573200992555,1.3666666666666667,3.197247706422018,True
VEL236,DRV197,2024-02-06,2024-02-06 17:40:00,180,0.5,360.0,181,179.0,1,ahead,Kavitha Driver197,hyderabad,morning,7.6,170.0,12,5,GOAL196,2024-02-06 10:00:00,2024-02-06 16:10:00.000000000,1319.0,9.7,at_risk,on_track,1139.0,13.646702047005308,0.0,3.1638888888888888,True
VEL237,DRV198,2024-02-06,2024-02-06 08:23:00,277,0.5,554.0,184,370.0,1,ahead,Vijay Driver198,chennai,morning,6.1,194.0,22,5,GOAL197,2024-02-06 09:43:00,2024-02-06 15:53:00.000000000,1285.0,9.3,at_risk,on_track,1008.0,21.556420233463037,7.5,1.8194945848375452,False
VEL239,DRV198,2024-02-06,2024-02-06 09:43:00,431,0.88,489.77,186,303.77,2,ahead,Vijay Driver198,chennai,morning,6.1,194.0,22,5,GOAL197,2024-02-06 09:43:00,2024-02-06 15:53:00.000000000,1285.0,9.3,at_risk,on_track,854.0,33.5408560311284,6.166666666666667,1.7436756028339833,False
VEL238,DRV198,2024-02-06,2024-02-06 10:27:00,431,1.62,266.05,186,80.05,2,ahead,Vijay Driver198,chennai,morning,6.1,194.0,22,5,GOAL197,2024-02-06 09:43:00,2024-02-06 15:53:00.000000000,1285.0,9.3,at_risk,on_track,854.0,33.5408560311284,5.433333333333334,3.2099229468145083,False
VEL240,DRV198,2024-02-06,2024-02-06 11:02:00,853,2.2,387.73,174,213.73,3,ahead,Vijay Driver198,chennai,morning,6.1,194.0,22,5,GOAL197,2024-02-06 09:43:00,2024-02-06 15:53:00.000000000,1285.0,9.3,at_risk,on_track,432.0,66.38132295719844,4.85,1.1141773914837645,False
VEL243,DRV198,2024-02-06,2024-02-06 11:13:00,1266,2.38,531.93,178,353.93,4,ahead,Vijay Driver198,chennai,morning,6.1,194.0,22,5,GOAL197,2024-02-06 09:43:00,2024-02-06 15:53:00.000000000,1285.0,9.3,at_risk,on_track,19.0,98.52140077821012,4.666666666666667,0.035718985580809506,False
VEL241,DRV198,2024-02-06,2024-02-06 11:29:00,1266,2.65,321.89,174,147.89,3,ahead,Vijay Driver198,chennai,morning,6.1,194.0,22,5,GOAL197,2024-02-06 09:43:00,2024-02-06 15:53:00.000000000,1285.0,9.3,at_risk,on_track,19.0,98.52140077821012,4.4,0.059026375469881015,False
VEL242,DRV198,2024-02-06,2024-02-06 11:59:00,1266,3.15,401.9,178,223.9,4,ahead,Vijay Driver198,chennai,morning,6.1,194.0,22,5,GOAL197,2024-02-06 09:43:00,2024-02-06 15:53:00.000000000,1285.0,9.3,at_risk,on_track,19.0,98.52140077821012,3.9,0.04727544165215228,False
VEL244,DRV199,2024-02-06,2024-02-06 16:26:00,169,0.5,338.0,198,140.0,1,ahead,Sandeep Driver199,bangalore,evening,7.7,204.0,13,4,GOAL198,2024-02-06 09:07:00,2024-02-06 17:17:00.000000000,1226.0,7.9,achieved,ahead,1057.0,13.784665579119087,0.85,3.1272189349112427,True
VEL245,DRV202,2024-02-06,2024-02-06 06:04:00,202,0.5,404.0,192,212.0,1,ahead,Deepa Driver202,hyderabad,morning,8.2,194.0,9,5,SYN_DRV202,2024-02-06 06:04:00,2024-02-06 14:15:59.999999999,1590.8,8.2,,,1388.8,12.698013578073924,8.199999999999722,3.4376237623762376,False
VEL246,DRV203,2024-02-06,2024-02-06 15:43:00,227,0.5,454.0,181,273.0,1,ahead,Vijay Driver203,pune,afternoon,7.2,195.0,16,4,SYN_DRV203,2024-02-06 15:43:00,2024-02-06 22:55:00.000000000,1404.0,7.2,,,1177.0,16.168091168091166,7.2,2.592511013215859,False
VEL247,DRV205,2024-02-06,2024-02-06 08:01:00,217,0.5,434.0,183,251.0,1,ahead,Kavitha Driver205,chennai,full_day,7.9,183.0,16,5,SYN_DRV205,2024-02-06 08:01:00,2024-02-06 15:55:00.000000000,1445.7,7.9,,,1228.7,15.01002974337691,7.9,2.8311059907834104,False
VEL248,DRV205,2024-02-06,2024-02-06 08:01:00,604,0.5,1208.0,180,1028.0,2,ahead,Kavitha Driver205,chennai,full_day,7.9,183.0,16,5,SYN_DRV205,2024-02-06 08:01:00,2024-02-06 15:55:00.000000000,1445.7,7.9,,,841.7,41.77906896313204,7.9,0.696771523178808,False
VEL249,DRV205,2024-02-06,2024-02-06 13:55:00,906,5.48,165.33,177,-11.67,3,at_risk,Kavitha Driver205,chennai,full_day,7.9,183.0,16,5,SYN_DRV205,2024-02-06 08:01:00,2024-02-06 15:55:00.000000000,1445.7,7.9,,,539.7,62.668603444698064,2.0,3.264380330248594,True
VEL250,DRV205,2024-02-06,2024-02-06 16:46:00,1048,8.33,125.81,179,-53.19,4,at_risk,Kavitha Driver205,chennai,full_day,7.9,183.0,16,5,SYN_DRV205,2024-02-06 08:01:00,2024-02-06 15:55:00.000000000,1445.7,7.9,,,397.70000000000005,72.49083488967281,0.0,3.161115968523965,True
VEL251,DRV206,2024-02-06,2024-02-06 09:42:00,258,0.5,516.0,184,332.0,1,ahead,Manoj Driver206,delhi,evening,8.4,203.0,16,5,SYN_DRV206,2024-02-06 09:42:00,2024-02-06 18:06:00.000000000,1705.2,8.4,,,1447.2,15.130190007037298,8.4,2.8046511627906976,False
VEL252,DRV206,2024-02-06,2024-02-06 11:31:00,466,2.27,205.29,173,32.29,2,ahead,Manoj Driver206,delhi,evening,8.4,203.0,16,5,SYN_DRV206,2024-02-06 09:42:00,2024-02-06 18:06:00.000000000,1705.2,8.4,,,1239.2,27.32817264836969,6.583333333333333,6.036338837741732,False
VEL253,DRV207,2024-02-06,2024-02-06 16:43:00,351,0.55,638.18,197,441.18,1,ahead,Sanjay Driver207,delhi,evening,6.2,204.0,15,4,SYN_DRV207,2024-02-06 16:43:00,2024-02-06 22:55:00.000000000,1264.8,6.2,,,913.8,27.751423149905126,6.2,1.4318844213231376,False
VEL254,DRV210,2024-02-06,2024-02-06 08:52:00,198,0.5,396.0,179,217.0,1,ahead,Kavitha Driver210,hyderabad,afternoon,8.1,184.0,9,5,SYN_DRV210,2024-02-06 08:52:00,2024-02-06 16:58:00.000000000,1490.3999999999999,8.1,,,1292.3999999999999,13.285024154589372,8.1,3.2636363636363632,False
