audio_id,trip_id,timestamp,elapsed_seconds,audio_level_db,audio_classification,sustained_duration_sec
AUD001,TRIP001,2024-02-06 06:45:00,0,52,quiet,0
AUD002,TRIP001,2024-02-06 06:46:00,60,55,normal,0
AUD003,TRIP001,2024-02-06 06:50:00,300,58,normal,0
AUD004,TRIP001,2024-02-06 06:55:00,600,54,quiet,0
AUD005,TRIP001,2024-02-06 07:00:00,900,56,normal,0
AUD006,TRIP001,2024-02-06 07:02:00,1020,59,normal,0
AUD007,TRIP002,2024-02-06 07:15:00,0,51,quiet,0
AUD008,TRIP002,2024-02-06 07:16:00,60,62,normal,0
AUD009,TRIP002,2024-02-06 07:18:00,180,68,conversation,0
AUD010,TRIP002,2024-02-06 07:20:00,300,72,loud,0
AUD011,TRIP002,2024-02-06 07:22:00,420,88,argument,30
AUD012,TRIP002,2024-02-06 07:22:30,450,92,argument,60
AUD013,TRIP002,2024-02-06 07:23:00,480,95,argument,90
AUD014,TRIP002,2024-02-06 07:23:30,510,94,argument,120
AUD015,TRIP002,2024-02-06 07:24:00,540,89,argument,150
AUD016,TRIP002,2024-02-06 07:24:30,570,82,very_loud,0
AUD017,TRIP002,2024-02-06 07:25:00,600,75,loud,0
AUD018,TRIP002,2024-02-06 07:26:00,660,68,conversation,0
AUD019,TRIP002,2024-02-06 07:30:00,900,61,normal,0
AUD020,TRIP002,2024-02-06 07:35:00,1200,58,normal,0
AUD021,TRIP003,2024-02-06 07:52:00,0,53,quiet,0
AUD022,TRIP003,2024-02-06 07:55:00,180,57,normal,0
AUD023,TRIP003,2024-02-06 08:00:00,480,59,normal,0
AUD024,TRIP003,2024-02-06 08:05:00,780,61,normal,0
AUD025,TRIP003,2024-02-06 08:10:00,1080,58,normal,0
AUD026,TRIP003,2024-02-06 08:14:00,1320,56,normal,0
AUD027,TRIP008,2024-02-06 17:30:00,0,54,quiet,0
AUD028,TRIP008,2024-02-06 17:35:00,300,64,normal,0
AUD029,TRIP008,2024-02-06 17:40:00,600,66,conversation,0
AUD030,TRIP008,2024-02-06 17:45:00,900,62,normal,0
AUD031,TRIP008,2024-02-06 17:50:00,1200,59,normal,0
AUD032,TRIP008,2024-02-06 17:55:00,1500,57,normal,0
AUD033,TRIP010,2024-02-06 19:05:00,0,52,quiet,0
AUD034,TRIP010,2024-02-06 19:08:00,180,65,conversation,0
AUD035,TRIP010,2024-02-06 19:12:00,420,70,conversation,0
AUD036,TRIP010,2024-02-06 19:16:00,660,74,loud,0
AUD037,TRIP010,2024-02-06 19:20:00,900,78,loud,0
AUD038,TRIP010,2024-02-06 19:22:00,1020,86,very_loud,30
AUD039,TRIP010,2024-02-06 19:22:30,1050,91,argument,60
AUD040,TRIP010,2024-02-06 19:23:00,1080,94,argument,90
AUD041,TRIP010,2024-02-06 19:23:30,1110,96,argument,120
AUD042,TRIP010,2024-02-06 19:24:00,1140,93,argument,150
AUD043,TRIP010,2024-02-06 19:24:30,1170,87,very_loud,180
AUD044,TRIP010,2024-02-06 19:25:00,1200,81,very_loud,0
AUD045,TRIP010,2024-02-06 19:26:00,1260,73,loud,0
AUD046,TRIP010,2024-02-06 19:28:00,1380,66,conversation,0
AUD047,TRIP010,2024-02-06 19:32:00,1620,58,normal,0
AUD048,TRIP012,2024-02-06 06:29:25,1765,53,quiet,84
AUD049,TRIP009,2024-02-06 06:04:14,254,73,loud,0
AUD050,TRIP029,2024-02-06 06:13:39,819,68,conversation,0
AUD051,TRIP029,2024-02-06 06:13:11,791,68,conversation,0
AUD052,TRIP016,2024-02-06 06:23:37,1417,68,conversation,0
AUD053,TRIP030,2024-02-06 06:27:12,1632,68,conversation,0
AUD054,TRIP026,2024-02-06 06:02:49,169,68,conversation,0
AUD055,TRIP003,2024-02-06 06:14:41,881,88,argument,0
AUD056,TRIP018,2024-02-06 06:10:01,601,70,conversation,0
AUD057,TRIP003,2024-02-06 06:11:11,671,92,argument,0
AUD058,TRIP010,2024-02-06 06:15:13,913,88,argument,109
AUD059,TRIP006,2024-02-06 06:23:32,1412,78,loud,0
AUD060,TRIP015,2024-02-06 06:01:26,86,96,argument,0
AUD061,TRIP020,2024-02-06 06:14:50,890,67,conversation,0
AUD062,TRIP003,2024-02-06 06:22:54,1374,90,argument,0
AUD063,TRIP012,2024-02-06 06:17:30,1050,97,argument,40
AUD064,TRIP001,2024-02-06 06:04:52,292,88,argument,112
AUD065,TRIP002,2024-02-06 06:04:18,258,54,quiet,0
AUD066,TRIP025,2024-02-06 06:22:01,1321,73,loud,0
AUD067,TRIP013,2024-02-06 06:19:21,1161,52,quiet,0
AUD068,TRIP022,2024-02-06 06:15:21,921,73,loud,0
AUD069,TRIP015,2024-02-06 06:26:02,1562,54,quiet,35
AUD070,TRIP017,2024-02-06 06:12:31,751,75,loud,0
AUD071,TRIP021,2024-02-06 06:09:30,570,65,conversation,0
AUD072,TRIP001,2024-02-06 06:25:06,1506,61,normal,0
AUD073,TRIP017,2024-02-06 06:13:12,792,85,very_loud,0
AUD074,TRIP009,2024-02-06 06:26:27,1587,66,conversation,114
AUD075,TRIP007,2024-02-06 06:20:53,1253,68,conversation,125
AUD076,TRIP007,2024-02-06 06:04:11,251,58,normal,0
AUD077,TRIP015,2024-02-06 06:05:53,353,95,argument,0
AUD078,TRIP003,2024-02-06 06:27:39,1659,93,argument,0
AUD079,TRIP022,2024-02-06 06:11:51,711,95,argument,0
AUD080,TRIP018,2024-02-06 06:18:30,1110,68,conversation,0
AUD081,TRIP028,2024-02-06 06:05:22,322,95,argument,179
AUD082,TRIP021,2024-02-06 06:05:56,356,68,conversation,0
AUD083,TRIP004,2024-02-06 06:06:51,411,58,normal,0
AUD084,TRIP026,2024-02-06 06:16:51,1011,51,quiet,0
AUD085,TRIP018,2024-02-06 06:19:32,1172,73,loud,0
AUD086,TRIP026,2024-02-06 06:18:49,1129,58,normal,0
AUD087,TRIP003,2024-02-06 06:10:33,633,75,loud,122
AUD088,TRIP017,2024-02-06 06:14:01,841,76,loud,18
AUD089,TRIP005,2024-02-06 06:10:49,649,68,conversation,0
AUD090,TRIP015,2024-02-06 06:15:54,954,93,argument,88
AUD091,TRIP005,2024-02-06 06:29:58,1798,68,conversation,0
AUD092,TRIP006,2024-02-06 06:26:12,1572,58,normal,0
AUD093,TRIP017,2024-02-06 06:29:38,1778,53,quiet,0
AUD094,TRIP017,2024-02-06 06:05:13,313,69,conversation,0
AUD095,TRIP006,2024-02-06 06:11:00,660,95,argument,0
AUD096,TRIP012,2024-02-06 06:17:42,1062,68,conversation,0
AUD097,TRIP009,2024-02-06 06:06:42,402,90,argument,70
AUD098,TRIP005,2024-02-06 06:21:20,1280,68,conversation,0
AUD099,TRIP003,2024-02-06 06:17:09,1029,91,argument,0
AUD100,TRIP019,2024-02-06 06:19:49,1189,59,normal,0
AUD101,TRIP022,2024-02-06 06:21:18,1278,96,argument,86
AUD102,TRIP027,2024-02-06 06:19:14,1154,52,quiet,0
AUD103,TRIP003,2024-02-06 06:01:33,93,91,argument,67
AUD104,TRIP021,2024-02-06 06:07:11,431,68,conversation,0
AUD105,TRIP020,2024-02-06 06:21:48,1308,51,quiet,0
AUD106,TRIP029,2024-02-06 06:21:24,1284,68,conversation,0
AUD107,TRIP021,2024-02-06 06:10:18,618,68,conversation,0
AUD108,TRIP026,2024-02-06 06:27:33,1653,68,conversation,0
AUD109,TRIP010,2024-02-06 06:15:28,928,54,quiet,15
AUD110,TRIP006,2024-02-06 06:15:00,900,76,loud,0
AUD111,TRIP015,2024-02-06 06:06:57,417,71,conversation,36
AUD112,TRIP011,2024-02-06 06:29:24,1764,68,conversation,0
AUD113,TRIP024,2024-02-06 06:29:22,1762,72,loud,0
AUD114,TRIP005,2024-02-06 06:25:57,1557,68,conversation,0
AUD115,TRIP004,2024-02-06 06:10:53,653,65,conversation,0
AUD116,TRIP004,2024-02-06 06:09:07,547,78,loud,0
AUD117,TRIP005,2024-02-06 06:03:18,198,53,quiet,0
AUD118,TRIP013,2024-02-06 06:29:29,1769,68,conversation,0
AUD119,TRIP008,2024-02-06 06:29:32,1772,60,normal,0
AUD120,TRIP030,2024-02-06 06:19:43,1183,68,conversation,0
AUD121,TRIP007,2024-02-06 06:26:02,1562,60,normal,0
AUD122,TRIP017,2024-02-06 06:15:56,956,81,very_loud,0
AUD123,TRIP016,2024-02-06 06:00:47,47,55,normal,0
AUD124,TRIP017,2024-02-06 06:15:36,936,65,conversation,0
AUD125,TRIP019,2024-02-06 06:12:02,722,53,quiet,0
AUD126,TRIP010,2024-02-06 06:16:53,1013,88,argument,172
AUD127,TRIP016,2024-02-06 06:09:45,585,68,conversation,0
AUD128,TRIP028,2024-02-06 06:03:40,220,77,loud,0
AUD129,TRIP029,2024-02-06 06:09:01,541,68,conversation,0
AUD130,TRIP025,2024-02-06 06:13:45,825,73,loud,0
AUD131,TRIP013,2024-02-06 06:01:44,104,68,conversation,0
AUD132,TRIP012,2024-02-06 06:18:53,1133,68,conversation,0
AUD133,TRIP013,2024-02-06 06:17:12,1032,68,conversation,0
AUD134,TRIP027,2024-02-06 06:21:16,1276,68,conversation,0
AUD135,TRIP005,2024-02-06 06:03:18,198,68,conversation,0
AUD136,TRIP026,2024-02-06 06:11:34,694,68,conversation,0
AUD137,TRIP025,2024-02-06 06:04:55,295,62,normal,130
AUD138,TRIP013,2024-02-06 06:17:04,1024,52,quiet,0
AUD139,TRIP002,2024-02-06 06:04:40,280,95,argument,0
AUD140,TRIP026,2024-02-06 06:16:10,970,68,conversation,0
AUD141,TRIP005,2024-02-06 06:20:41,1241,68,conversation,0
AUD142,TRIP011,2024-02-06 06:20:55,1255,68,conversation,0
AUD143,TRIP013,2024-02-06 06:21:02,1262,68,conversation,0
AUD144,TRIP019,2024-02-06 06:11:28,688,68,conversation,0
AUD145,TRIP016,2024-02-06 06:24:11,1451,68,conversation,0
AUD146,TRIP016,2024-02-06 06:27:50,1670,51,quiet,0
AUD147,TRIP011,2024-02-06 06:22:59,1379,57,normal,0
AUD148,TRIP019,2024-02-06 06:10:30,630,68,conversation,0
AUD149,TRIP001,2024-02-06 06:20:22,1222,80,very_loud,0
AUD150,TRIP021,2024-02-06 06:26:43,1603,68,conversation,0
AUD151,TRIP024,2024-02-06 06:01:45,105,87,very_loud,0
AUD152,TRIP006,2024-02-06 06:17:53,1073,90,argument,158
AUD153,TRIP025,2024-02-06 06:28:42,1722,74,loud,0
AUD154,TRIP027,2024-02-06 06:23:14,1394,65,conversation,0
AUD155,TRIP019,2024-02-06 06:23:54,1434,57,normal,0
AUD156,TRIP001,2024-02-06 06:15:03,903,70,conversation,0
AUD157,TRIP005,2024-02-06 06:14:05,845,68,conversation,0
AUD158,TRIP014,2024-02-06 06:17:07,1027,68,conversation,0
AUD159,TRIP028,2024-02-06 06:28:57,1737,97,argument,15
AUD160,TRIP023,2024-02-06 06:04:42,282,68,conversation,0
AUD161,TRIP018,2024-02-06 06:11:05,665,92,argument,0
AUD162,TRIP017,2024-02-06 06:12:51,771,70,conversation,0
AUD163,TRIP015,2024-02-06 06:18:11,1091,71,conversation,90
AUD164,TRIP022,2024-02-06 06:26:21,1581,96,argument,164
AUD165,TRIP026,2024-02-06 06:23:39,1419,66,conversation,0
AUD166,TRIP007,2024-02-06 06:08:24,504,67,conversation,76
AUD167,TRIP008,2024-02-06 06:10:09,609,68,conversation,53
AUD168,TRIP023,2024-02-06 06:24:03,1443,68,conversation,0
AUD169,TRIP016,2024-02-06 06:11:54,714,68,conversation,0
AUD170,TRIP010,2024-02-06 06:04:09,249,86,very_loud,139
AUD171,TRIP013,2024-02-06 06:13:28,808,68,conversation,0
AUD172,TRIP010,2024-02-06 06:01:26,86,68,conversation,20
AUD173,TRIP012,2024-02-06 06:15:05,905,91,argument,0
AUD174,TRIP024,2024-02-06 06:16:21,981,63,normal,0
AUD175,TRIP027,2024-02-06 06:18:23,1103,67,conversation,0
AUD176,TRIP009,2024-02-06 06:04:41,281,56,normal,150
AUD177,TRIP008,2024-02-06 06:08:16,496,53,quiet,135
AUD178,TRIP008,2024-02-06 06:21:46,1306,64,normal,0
AUD179,TRIP004,2024-02-06 06:14:06,846,71,conversation,120
AUD180,TRIP004,2024-02-06 06:23:15,1395,58,normal,0
AUD181,TRIP018,2024-02-06 06:05:23,323,76,loud,121
AUD182,TRIP016,2024-02-06 06:22:12,1332,62,normal,0
AUD183,TRIP011,2024-02-06 06:09:44,584,68,conversation,0
AUD184,TRIP030,2024-02-06 06:26:14,1574,55,normal,0
AUD185,TRIP008,2024-02-06 06:18:15,1095,97,argument,9
AUD186,TRIP030,2024-02-06 06:05:58,358,68,conversation,0
AUD187,TRIP030,2024-02-06 06:01:14,74,68,conversation,0
AUD188,TRIP006,2024-02-06 06:25:33,1533,68,conversation,0
AUD189,TRIP001,2024-02-06 06:10:11,611,86,very_loud,27
AUD190,TRIP030,2024-02-06 06:11:26,686,68,conversation,0
AUD191,TRIP021,2024-02-06 06:18:32,1112,68,conversation,0
AUD192,TRIP029,2024-02-06 06:04:34,274,68,conversation,0
AUD193,TRIP009,2024-02-06 06:06:34,394,57,normal,0
AUD194,TRIP006,2024-02-06 06:24:57,1497,79,loud,65
AUD195,TRIP023,2024-02-06 06:06:21,381,50,quiet,0
AUD196,TRIP026,2024-02-06 06:10:04,604,68,conversation,0
AUD197,TRIP006,2024-02-06 06:20:51,1251,90,argument,0
AUD198,TRIP027,2024-02-06 06:14:35,875,68,conversation,0
AUD199,TRIP003,2024-02-06 06:13:40,820,92,argument,0
AUD200,TRIP006,2024-02-06 06:04:47,287,80,very_loud,0
AUD201,TRIP030,2024-02-06 06:08:28,508,50,quiet,0
AUD202,TRIP013,2024-02-06 06:08:02,482,68,conversation,0
AUD203,TRIP011,2024-02-06 06:10:18,618,68,conversation,0
AUD204,TRIP001,2024-02-06 06:08:55,535,91,argument,0
AUD205,TRIP023,2024-02-06 06:08:03,483,53,quiet,0
AUD206,TRIP015,2024-02-06 06:10:28,628,60,normal,0
AUD207,TRIP022,2024-02-06 06:17:09,1029,95,argument,0
AUD208,TRIP023,2024-02-06 06:04:00,240,68,conversation,0
AUD209,TRIP012,2024-02-06 06:20:58,1258,64,normal,0
AUD210,TRIP005,2024-02-06 06:16:19,979,59,normal,0
AUD211,TRIP024,2024-02-06 06:20:40,1240,73,loud,0
AUD212,TRIP023,2024-02-06 06:18:44,1124,68,conversation,0
AUD213,TRIP027,2024-02-06 06:07:27,447,68,conversation,0
AUD214,TRIP022,2024-02-06 06:25:45,1545,88,argument,0
AUD215,TRIP017,2024-02-06 06:15:14,914,83,very_loud,92
AUD216,TRIP003,2024-02-06 06:19:15,1155,57,normal,0
AUD217,TRIP027,2024-02-06 06:18:41,1121,68,conversation,0
AUD218,TRIP019,2024-02-06 06:18:19,1099,59,normal,0
AUD219,TRIP011,2024-02-06 06:29:09,1749,68,conversation,0
AUD220,TRIP004,2024-02-06 06:23:13,1393,63,normal,149
AUD221,TRIP016,2024-02-06 06:03:06,186,68,conversation,0
AUD222,TRIP026,2024-02-06 06:01:53,113,68,conversation,0
AUD223,TRIP017,2024-02-06 06:14:10,850,79,loud,14
AUD224,TRIP018,2024-02-06 06:15:46,946,93,argument,0
AUD225,TRIP024,2024-02-06 06:00:44,44,75,loud,0
AUD226,TRIP027,2024-02-06 06:00:06,6,68,conversation,0
AUD227,TRIP019,2024-02-06 06:02:29,149,52,quiet,0
AUD228,TRIP012,2024-02-06 06:23:54,1434,54,quiet,15
AUD229,TRIP030,2024-02-06 06:02:21,141,68,conversation,0
AUD230,TRIP010,2024-02-06 06:13:57,837,61,normal,0
AUD231,TRIP025,2024-02-06 06:21:53,1313,96,argument,107
AUD232,TRIP012,2024-02-06 06:13:03,783,78,loud,0
AUD233,TRIP013,2024-02-06 06:02:44,164,68,conversation,0
AUD234,TRIP005,2024-02-06 06:22:18,1338,68,conversation,0
AUD235,TRIP006,2024-02-06 06:18:20,1100,75,loud,32
AUD236,TRIP024,2024-02-06 06:07:36,456,50,quiet,0
AUD237,TRIP010,2024-02-06 06:15:48,948,93,argument,139
AUD238,TRIP014,2024-02-06 06:18:09,1089,68,conversation,0
AUD239,TRIP008,2024-02-06 06:15:43,943,72,loud,0
AUD240,TRIP009,2024-02-06 06:06:26,386,96,argument,0
AUD241,TRIP002,2024-02-06 06:27:37,1657,92,argument,0
AUD242,TRIP020,2024-02-06 06:26:08,1568,51,quiet,0
AUD243,TRIP007,2024-02-06 06:02:17,137,56,normal,8
AUD244,TRIP015,2024-02-06 06:20:24,1224,93,argument,12
AUD245,TRIP008,2024-02-06 06:25:16,1516,52,quiet,0
AUD246,TRIP015,2024-02-06 06:07:59,479,84,very_loud,0
AUD247,TRIP025,2024-02-06 06:29:28,1768,53,quiet,0
AUD248,TRIP017,2024-02-06 06:09:52,592,64,normal,147
AUD249,TRIP031,2024-02-06 13:37:00,0,48,quiet,0
AUD250,TRIP031,2024-02-06 13:40:50,230,62,conversation,0
AUD251,TRIP031,2024-02-06 13:44:40,460,56,normal,0
AUD252,TRIP031,2024-02-06 13:48:30,690,55,normal,0
AUD253,TRIP031,2024-02-06 13:52:20,920,56,normal,0
AUD254,TRIP031,2024-02-06 13:56:10,1150,64,normal,0
AUD255,TRIP031,2024-02-06 14:00:00,1380,47,quiet,0
AUD256,TRIP032,2024-02-06 14:44:00,0,52,quiet,0
AUD257,TRIP032,2024-02-06 14:55:35,695,56,normal,0
AUD258,TRIP032,2024-02-06 14:57:35,815,76,loud,35
AUD259,TRIP032,2024-02-06 14:58:35,875,66,normal,0
AUD260,TRIP032,2024-02-06 14:58:08,848,79,loud,60
AUD261,TRIP032,2024-02-06 15:20:00,2160,53,quiet,0
AUD262,TRIP033,2024-02-06 15:51:00,0,53,quiet,0
AUD263,TRIP033,2024-02-06 15:57:00,360,57,normal,0
AUD264,TRIP033,2024-02-06 16:03:00,720,59,normal,0
AUD265,TRIP033,2024-02-06 16:09:00,1080,59,normal,0
AUD266,TRIP033,2024-02-06 16:15:00,1440,64,normal,0
AUD267,TRIP033,2024-02-06 16:21:00,1800,65,normal,0
AUD268,TRIP033,2024-02-06 16:27:00,2160,49,quiet,0
AUD269,TRIP034,2024-02-06 16:58:00,0,52,quiet,0
AUD270,TRIP034,2024-02-06 17:04:00,360,60,normal,0
AUD271,TRIP034,2024-02-06 17:10:00,720,58,normal,0
AUD272,TRIP034,2024-02-06 17:16:00,1080,59,normal,0
AUD273,TRIP034,2024-02-06 17:22:00,1440,68,normal,0
AUD274,TRIP034,2024-02-06 17:28:00,1800,68,normal,0
AUD275,TRIP034,2024-02-06 17:34:00,2160,52,quiet,0
AUD276,TRIP035,2024-02-06 17:05:00,0,48,quiet,0
AUD277,TRIP035,2024-02-06 17:15:09,609,62,normal,0
AUD278,TRIP035,2024-02-06 17:17:09,729,55,normal,56
AUD279,TRIP035,2024-02-06 17:17:20,740,75,loud,133
AUD280,TRIP035,2024-02-06 17:18:20,800,62,normal,0
AUD281,TRIP035,2024-02-06 17:33:00,1680,51,quiet,0
AUD282,TRIP036,2024-02-06 06:12:00,0,47,quiet,0
AUD283,TRIP036,2024-02-06 06:17:10,310,68,normal,0
AUD284,TRIP036,2024-02-06 06:22:20,620,68,normal,0
AUD285,TRIP036,2024-02-06 06:27:30,930,66,normal,0
AUD286,TRIP036,2024-02-06 06:32:40,1240,59,normal,0
AUD287,TRIP036,2024-02-06 06:37:50,1550,59,conversation,0
AUD288,TRIP036,2024-02-06 06:43:00,1860,46,quiet,0
AUD289,TRIP037,2024-02-06 07:19:00,0,54,quiet,0
AUD290,TRIP037,2024-02-06 07:27:55,535,62,normal,0
AUD291,TRIP037,2024-02-06 07:29:55,655,96,argument,37
AUD292,TRIP037,2024-02-06 07:30:55,715,78,conversation,0
AUD293,TRIP037,2024-02-06 07:46:00,1620,51,quiet,0
AUD294,TRIP038,2024-02-06 08:26:00,0,54,quiet,0
AUD295,TRIP038,2024-02-06 08:41:01,901,58,normal,0
AUD296,TRIP038,2024-02-06 08:43:01,1021,59,normal,118
AUD297,TRIP038,2024-02-06 08:51:00,1500,55,quiet,0
AUD298,TRIP039,2024-02-06 09:33:00,0,50,quiet,0
AUD299,TRIP039,2024-02-06 09:39:00,360,57,conversation,0
AUD300,TRIP039,2024-02-06 09:45:00,720,59,normal,0
AUD301,TRIP039,2024-02-06 09:51:00,1080,56,normal,0
AUD302,TRIP039,2024-02-06 09:57:00,1440,60,normal,0
AUD303,TRIP039,2024-02-06 10:03:00,1800,65,normal,0
AUD304,TRIP039,2024-02-06 10:09:00,2160,54,quiet,0
AUD305,TRIP040,2024-02-06 10:40:00,0,53,quiet,0
AUD306,TRIP040,2024-02-06 10:45:10,310,62,normal,0
AUD307,TRIP040,2024-02-06 10:50:20,620,63,conversation,0
AUD308,TRIP040,2024-02-06 10:55:30,930,58,normal,0
AUD309,TRIP040,2024-02-06 11:00:40,1240,66,normal,0
AUD310,TRIP040,2024-02-06 11:05:50,1550,55,conversation,0
AUD311,TRIP040,2024-02-06 11:11:00,1860,46,quiet,0
AUD312,TRIP041,2024-02-06 11:47:00,0,48,quiet,0
AUD313,TRIP041,2024-02-06 11:58:46,706,56,normal,0
AUD314,TRIP041,2024-02-06 12:00:46,826,87,very_loud,135
AUD315,TRIP041,2024-02-06 12:01:46,886,76,conversation,0
AUD316,TRIP041,2024-02-06 12:14:00,1620,53,quiet,0
AUD317,TRIP042,2024-02-06 12:54:00,0,49,quiet,0
AUD318,TRIP042,2024-02-06 12:58:49,289,60,normal,0
AUD319,TRIP042,2024-02-06 13:00:49,409,58,normal,115
AUD320,TRIP042,2024-02-06 13:20:00,1560,55,quiet,0
AUD321,TRIP043,2024-02-06 13:01:00,0,49,quiet,0
AUD322,TRIP043,2024-02-06 13:04:00,180,58,normal,0
AUD323,TRIP043,2024-02-06 13:07:00,360,59,conversation,0
AUD324,TRIP043,2024-02-06 13:10:00,540,54,normal,0
AUD325,TRIP043,2024-02-06 13:13:00,720,64,normal,0
AUD326,TRIP043,2024-02-06 13:16:00,900,61,conversation,0
AUD327,TRIP043,2024-02-06 13:19:00,1080,51,quiet,0
AUD328,TRIP044,2024-02-06 14:08:00,0,53,quiet,0
AUD329,TRIP044,2024-02-06 14:10:33,153,66,normal,0
AUD330,TRIP044,2024-02-06 14:12:33,273,82,very_loud,60
AUD331,TRIP044,2024-02-06 14:13:33,333,64,conversation,0
AUD332,TRIP044,2024-02-06 14:32:00,1440,52,quiet,0
AUD333,TRIP045,2024-02-06 15:15:00,0,53,quiet,0
AUD334,TRIP045,2024-02-06 15:28:10,790,65,normal,0
AUD335,TRIP045,2024-02-06 15:30:10,910,76,loud,35
AUD336,TRIP045,2024-02-06 15:31:10,970,63,normal,0
AUD337,TRIP045,2024-02-06 15:52:00,2220,49,quiet,0
AUD338,TRIP046,2024-02-06 16:22:00,0,52,quiet,0
AUD339,TRIP046,2024-02-06 16:29:56,476,59,normal,0
AUD340,TRIP046,2024-02-06 16:31:56,596,56,normal,0
AUD341,TRIP046,2024-02-06 16:41:00,1140,56,quiet,0
AUD342,TRIP047,2024-02-06 17:29:00,0,50,quiet,0
AUD343,TRIP047,2024-02-06 17:43:05,845,64,normal,0
AUD344,TRIP047,2024-02-06 17:45:05,965,55,normal,0
AUD345,TRIP047,2024-02-06 17:56:00,1620,55,quiet,0
AUD346,TRIP048,2024-02-06 06:36:00,0,54,quiet,0
AUD347,TRIP048,2024-02-06 06:41:51,351,60,normal,0
AUD348,TRIP048,2024-02-06 06:43:51,471,76,loud,136
AUD349,TRIP048,2024-02-06 06:44:51,531,62,normal,0
AUD350,TRIP048,2024-02-06 07:14:00,2280,55,quiet,0
AUD351,TRIP049,2024-02-06 07:43:00,0,54,quiet,0
AUD352,TRIP049,2024-02-06 07:43:30,30,64,normal,0
AUD353,TRIP049,2024-02-06 07:44:08,68,59,normal,118
AUD354,TRIP049,2024-02-06 07:50:32,452,78,loud,64
AUD355,TRIP049,2024-02-06 08:06:00,1380,53,quiet,0
AUD356,TRIP050,2024-02-06 08:50:00,0,55,quiet,0
AUD357,TRIP050,2024-02-06 08:50:46,46,66,normal,0
AUD358,TRIP050,2024-02-06 08:52:46,166,56,normal,0
AUD359,TRIP050,2024-02-06 09:04:32,872,75,loud,34
AUD360,TRIP050,2024-02-06 09:05:32,932,62,normal,0
AUD361,TRIP050,2024-02-06 09:12:00,1320,55,quiet,0
AUD362,TRIP051,2024-02-06 09:57:00,0,51,quiet,0
AUD363,TRIP051,2024-02-06 10:02:30,330,68,normal,0
AUD364,TRIP051,2024-02-06 10:08:00,660,57,normal,0
AUD365,TRIP051,2024-02-06 10:13:30,990,54,conversation,0
AUD366,TRIP051,2024-02-06 10:19:00,1320,61,normal,0
AUD367,TRIP051,2024-02-06 10:24:30,1650,56,conversation,0
AUD368,TRIP051,2024-02-06 10:30:00,1980,46,quiet,0
AUD369,TRIP052,2024-02-06 10:04:00,0,47,quiet,0
AUD370,TRIP052,2024-02-06 10:07:50,230,64,normal,0
AUD371,TRIP052,2024-02-06 10:11:40,460,55,normal,0
AUD372,TRIP052,2024-02-06 10:15:30,690,60,normal,0
AUD373,TRIP052,2024-02-06 10:19:20,920,57,normal,0
AUD374,TRIP052,2024-02-06 10:23:10,1150,54,normal,0
AUD375,TRIP052,2024-02-06 10:27:00,1380,54,quiet,0
AUD376,TRIP053,2024-02-06 11:11:00,0,49,quiet,0
AUD377,TRIP053,2024-02-06 11:16:50,350,61,normal,0
AUD378,TRIP053,2024-02-06 11:22:40,700,68,normal,0
AUD379,TRIP053,2024-02-06 11:28:30,1050,62,normal,0
AUD380,TRIP053,2024-02-06 11:34:20,1400,65,normal,0
AUD381,TRIP053,2024-02-06 11:40:10,1750,67,normal,0
AUD382,TRIP053,2024-02-06 11:46:00,2100,53,quiet,0
AUD383,TRIP054,2024-02-06 12:18:00,0,50,quiet,0
AUD384,TRIP054,2024-02-06 12:18:30,30,58,normal,0
AUD385,TRIP054,2024-02-06 12:19:14,74,77,loud,141
AUD386,TRIP054,2024-02-06 12:20:14,134,62,normal,0
AUD387,TRIP054,2024-02-06 12:21:46,226,56,normal,109
AUD388,TRIP054,2024-02-06 12:35:11,1031,74,conversation,126
AUD389,TRIP054,2024-02-06 12:36:11,1091,63,normal,0
AUD390,TRIP054,2024-02-06 12:36:00,1080,52,quiet,0
AUD391,TRIP055,2024-02-06 13:25:00,0,50,quiet,0
AUD392,TRIP055,2024-02-06 13:39:39,879,64,normal,0
AUD393,TRIP055,2024-02-06 13:41:39,999,58,normal,28
AUD394,TRIP055,2024-02-06 13:56:00,1860,54,quiet,0
AUD395,TRIP056,2024-02-06 14:32:00,0,50,quiet,0
AUD396,TRIP056,2024-02-06 14:35:40,220,62,normal,0
AUD397,TRIP056,2024-02-06 14:39:20,440,56,normal,0
AUD398,TRIP056,2024-02-06 14:43:00,660,66,conversation,0
AUD399,TRIP056,2024-02-06 14:46:40,880,67,conversation,0
AUD400,TRIP056,2024-02-06 14:50:20,1100,63,normal,0
AUD401,TRIP056,2024-02-06 14:54:00,1320,54,quiet,0
AUD402,TRIP057,2024-02-06 15:39:00,0,51,quiet,0
AUD403,TRIP057,2024-02-06 15:39:30,30,65,normal,0
AUD404,TRIP057,2024-02-06 15:40:40,100,59,normal,118
AUD405,TRIP057,2024-02-06 16:15:00,2160,55,quiet,0
AUD406,TRIP058,2024-02-06 16:46:00,0,49,quiet,0
AUD407,TRIP058,2024-02-06 16:52:10,370,61,conversation,0
AUD408,TRIP058,2024-02-06 16:58:20,740,64,conversation,0
AUD409,TRIP058,2024-02-06 17:04:30,1110,54,normal,0
AUD410,TRIP058,2024-02-06 17:10:40,1480,64,normal,0
AUD411,TRIP058,2024-02-06 17:16:50,1850,62,normal,0
AUD412,TRIP058,2024-02-06 17:23:00,2220,49,quiet,0
AUD413,TRIP059,2024-02-06 17:53:00,0,53,quiet,0
AUD414,TRIP059,2024-02-06 17:55:21,141,59,normal,0
AUD415,TRIP059,2024-02-06 17:57:21,261,74,conversation,32
AUD416,TRIP059,2024-02-06 17:58:21,321,62,normal,0
AUD417,TRIP059,2024-02-06 18:23:00,1800,53,quiet,0
AUD418,TRIP060,2024-02-06 06:00:00,0,55,quiet,0
AUD419,TRIP060,2024-02-06 06:08:03,483,65,normal,0
AUD420,TRIP060,2024-02-06 06:10:03,603,58,normal,63
AUD421,TRIP060,2024-02-06 06:21:00,1260,54,quiet,0
AUD422,TRIP061,2024-02-06 07:07:00,0,52,quiet,0
AUD423,TRIP061,2024-02-06 07:19:30,750,57,normal,0
AUD424,TRIP061,2024-02-06 07:21:30,870,59,normal,66
AUD425,TRIP061,2024-02-06 07:26:00,1140,56,quiet,0
AUD426,TRIP062,2024-02-06 08:14:00,0,51,quiet,0
AUD427,TRIP062,2024-02-06 08:19:50,350,64,normal,0
AUD428,TRIP062,2024-02-06 08:25:40,700,59,conversation,0
AUD429,TRIP062,2024-02-06 08:31:30,1050,58,normal,0
AUD430,TRIP062,2024-02-06 08:37:20,1400,55,normal,0
AUD431,TRIP062,2024-02-06 08:43:10,1750,68,conversation,0
AUD432,TRIP062,2024-02-06 08:49:00,2100,53,quiet,0
AUD433,TRIP063,2024-02-06 09:21:00,0,53,quiet,0
AUD434,TRIP063,2024-02-06 09:27:01,361,62,normal,0
AUD435,TRIP063,2024-02-06 09:29:01,481,82,very_loud,60
AUD436,TRIP063,2024-02-06 09:30:01,541,68,conversation,0
AUD437,TRIP063,2024-02-06 09:50:00,1740,51,quiet,0
AUD438,TRIP064,2024-02-06 10:28:00,0,52,quiet,0
AUD439,TRIP064,2024-02-06 10:33:43,343,61,normal,0
AUD440,TRIP064,2024-02-06 10:35:43,463,75,loud,75
AUD441,TRIP064,2024-02-06 10:36:43,523,62,normal,0
AUD442,TRIP064,2024-02-06 10:46:56,1136,73,conversation,123
AUD443,TRIP064,2024-02-06 10:52:27,1467,73,conversation,125
AUD444,TRIP064,2024-02-06 11:05:00,2220,56,quiet,0
AUD445,TRIP065,2024-02-06 11:35:00,0,47,quiet,0
AUD446,TRIP065,2024-02-06 11:39:10,250,61,normal,0
AUD447,TRIP065,2024-02-06 11:43:20,500,68,normal,0
AUD448,TRIP065,2024-02-06 11:47:30,750,62,normal,0
AUD449,TRIP065,2024-02-06 11:51:40,1000,64,conversation,0
AUD450,TRIP065,2024-02-06 11:55:50,1250,54,normal,0
AUD451,TRIP065,2024-02-06 12:00:00,1500,54,quiet,0
AUD452,TRIP066,2024-02-06 12:42:00,0,49,quiet,0
AUD453,TRIP066,2024-02-06 12:52:53,653,61,normal,0
AUD454,TRIP066,2024-02-06 12:54:53,773,82,very_loud,133
AUD455,TRIP066,2024-02-06 12:55:53,833,70,conversation,0
AUD456,TRIP066,2024-02-06 13:03:00,1260,50,quiet,0
AUD457,TRIP067,2024-02-06 13:49:00,0,48,quiet,0
AUD458,TRIP067,2024-02-06 14:01:57,777,56,normal,0
AUD459,TRIP067,2024-02-06 14:03:57,897,55,normal,106
AUD460,TRIP067,2024-02-06 14:19:00,1800,54,quiet,0
AUD461,TRIP068,2024-02-06 14:56:00,0,48,quiet,0
AUD462,TRIP068,2024-02-06 15:00:56,296,56,normal,0
AUD463,TRIP068,2024-02-06 15:02:56,416,57,normal,111
AUD464,TRIP068,2024-02-06 15:21:00,1500,53,quiet,0
AUD465,TRIP069,2024-02-06 15:03:00,0,49,quiet,0
AUD466,TRIP069,2024-02-06 15:09:20,380,68,normal,0
AUD467,TRIP069,2024-02-06 15:15:40,760,61,conversation,0
AUD468,TRIP069,2024-02-06 15:22:00,1140,65,conversation,0
AUD469,TRIP069,2024-02-06 15:28:20,1520,54,normal,0
AUD470,TRIP069,2024-02-06 15:34:40,1900,62,normal,0
AUD471,TRIP069,2024-02-06 15:41:00,2280,52,quiet,0
AUD472,TRIP070,2024-02-06 16:10:00,0,50,quiet,0
AUD473,TRIP070,2024-02-06 16:14:14,254,62,normal,0
AUD474,TRIP070,2024-02-06 16:16:14,374,76,loud,78
AUD475,TRIP070,2024-02-06 16:17:14,434,65,normal,0
AUD476,TRIP070,2024-02-06 16:31:24,1284,59,normal,117
AUD477,TRIP070,2024-02-06 16:43:00,1980,51,quiet,0
AUD478,TRIP071,2024-02-06 17:17:00,0,51,quiet,0
AUD479,TRIP071,2024-02-06 17:20:09,189,64,normal,0
AUD480,TRIP071,2024-02-06 17:22:09,309,80,loud,71
AUD481,TRIP071,2024-02-06 17:48:00,1860,55,quiet,0
AUD482,TRIP072,2024-02-06 06:24:00,0,53,quiet,0
AUD483,TRIP072,2024-02-06 06:33:50,590,65,normal,0
AUD484,TRIP072,2024-02-06 06:35:50,710,72,conversation,120
AUD485,TRIP072,2024-02-06 06:58:00,2040,53,quiet,0
AUD486,TRIP073,2024-02-06 07:31:00,0,53,quiet,0
AUD487,TRIP073,2024-02-06 07:37:01,361,56,normal,0
AUD488,TRIP073,2024-02-06 07:39:01,481,55,normal,56
AUD489,TRIP073,2024-02-06 07:59:00,1680,54,quiet,0
AUD490,TRIP074,2024-02-06 08:38:00,0,50,quiet,0
AUD491,TRIP074,2024-02-06 08:44:20,380,57,normal,0
AUD492,TRIP074,2024-02-06 08:50:40,760,62,normal,0
AUD493,TRIP074,2024-02-06 08:57:00,1140,67,normal,0
AUD494,TRIP074,2024-02-06 09:03:20,1520,65,conversation,0
AUD495,TRIP074,2024-02-06 09:09:40,1900,64,normal,0
AUD496,TRIP074,2024-02-06 09:16:00,2280,51,quiet,0
AUD497,TRIP075,2024-02-06 09:45:00,0,49,quiet,0
AUD498,TRIP075,2024-02-06 09:49:30,270,67,conversation,0
AUD499,TRIP075,2024-02-06 09:54:00,540,57,normal,0
AUD500,TRIP075,2024-02-06 09:58:30,810,57,normal,0
AUD501,TRIP075,2024-02-06 10:03:00,1080,62,normal,0
AUD502,TRIP075,2024-02-06 10:07:30,1350,58,conversation,0
AUD503,TRIP075,2024-02-06 10:12:00,1620,49,quiet,0
AUD504,TRIP076,2024-02-06 10:52:00,0,48,quiet,0
AUD505,TRIP076,2024-02-06 11:06:10,850,58,normal,0
AUD506,TRIP076,2024-02-06 11:08:10,970,75,loud,60
AUD507,TRIP076,2024-02-06 11:30:00,2280,51,quiet,0
AUD508,TRIP077,2024-02-06 11:59:00,0,55,quiet,0
AUD509,TRIP077,2024-02-06 12:18:18,1158,56,normal,0
AUD510,TRIP077,2024-02-06 12:20:18,1278,76,loud,60
AUD511,TRIP077,2024-02-06 12:31:00,1920,50,quiet,0
AUD512,TRIP078,2024-02-06 12:06:00,0,54,quiet,0
AUD513,TRIP078,2024-02-06 12:14:44,524,66,normal,0
AUD514,TRIP078,2024-02-06 12:16:44,644,77,loud,60
AUD515,TRIP078,2024-02-06 12:34:00,1680,56,quiet,0
AUD516,TRIP079,2024-02-06 13:13:00,0,48,quiet,0
AUD517,TRIP079,2024-02-06 13:18:00,300,64,normal,0
AUD518,TRIP079,2024-02-06 13:23:00,600,61,normal,0
AUD519,TRIP079,2024-02-06 13:28:00,900,56,normal,0
AUD520,TRIP079,2024-02-06 13:33:00,1200,62,normal,0
AUD521,TRIP079,2024-02-06 13:38:00,1500,62,normal,0
AUD522,TRIP079,2024-02-06 13:43:00,1800,54,quiet,0
AUD523,TRIP080,2024-02-06 14:20:00,0,49,quiet,0
AUD524,TRIP080,2024-02-06 14:24:36,276,58,normal,0
AUD525,TRIP080,2024-02-06 14:26:36,396,74,conversation,33
AUD526,TRIP080,2024-02-06 14:27:36,456,62,normal,0
AUD527,TRIP080,2024-02-06 14:29:04,544,54,normal,0
AUD528,TRIP080,2024-02-06 14:58:00,2280,49,quiet,0
AUD529,TRIP081,2024-02-06 15:27:00,0,55,quiet,0
AUD530,TRIP081,2024-02-06 15:27:30,30,59,normal,0
AUD531,TRIP081,2024-02-06 15:28:10,70,96,argument,37
AUD532,TRIP081,2024-02-06 15:29:10,130,80,conversation,0
AUD533,TRIP081,2024-02-06 15:36:10,550,74,loud,129
AUD534,TRIP081,2024-02-06 15:37:10,610,62,normal,0
AUD535,TRIP081,2024-02-06 15:53:00,1560,49,quiet,0
AUD536,TRIP082,2024-02-06 16:34:00,0,51,quiet,0
AUD537,TRIP082,2024-02-06 16:40:10,370,65,conversation,0
AUD538,TRIP082,2024-02-06 16:46:20,740,66,conversation,0
AUD539,TRIP082,2024-02-06 16:52:30,1110,67,normal,0
AUD540,TRIP082,2024-02-06 16:58:40,1480,59,conversation,0
AUD541,TRIP082,2024-02-06 17:04:50,1850,64,conversation,0
AUD542,TRIP082,2024-02-06 17:11:00,2220,49,quiet,0
AUD543,TRIP083,2024-02-06 17:41:00,0,48,quiet,0
AUD544,TRIP083,2024-02-06 17:45:55,295,66,normal,0
AUD545,TRIP083,2024-02-06 17:47:55,415,54,normal,54
AUD546,TRIP083,2024-02-06 17:54:45,825,85,very_loud,145
AUD547,TRIP083,2024-02-06 17:55:45,885,72,conversation,0
AUD548,TRIP083,2024-02-06 18:02:00,1260,54,quiet,0
AUD549,TRIP084,2024-02-06 06:48:00,0,49,quiet,0
AUD550,TRIP084,2024-02-06 07:00:05,725,56,normal,0
AUD551,TRIP084,2024-02-06 07:02:05,845,75,loud,34
AUD552,TRIP084,2024-02-06 07:03:05,905,62,normal,0
AUD553,TRIP084,2024-02-06 07:21:00,1980,50,quiet,0
AUD554,TRIP085,2024-02-06 07:55:00,0,48,quiet,0
AUD555,TRIP085,2024-02-06 08:13:23,1103,59,normal,0
AUD556,TRIP085,2024-02-06 08:15:23,1223,79,loud,119
AUD557,TRIP085,2024-02-06 08:21:00,1560,55,quiet,0
AUD558,TRIP086,2024-02-06 08:02:00,0,51,quiet,0
AUD559,TRIP086,2024-02-06 08:07:42,342,57,normal,0
AUD560,TRIP086,2024-02-06 08:09:42,462,87,very_loud,81
AUD561,TRIP086,2024-02-06 08:10:42,522,72,conversation,0
AUD562,TRIP086,2024-02-06 08:24:01,1321,55,normal,57
AUD563,TRIP086,2024-02-06 08:39:00,2220,55,quiet,0
AUD564,TRIP087,2024-02-06 09:09:00,0,55,quiet,0
AUD565,TRIP087,2024-02-06 09:28:37,1177,61,normal,0
AUD566,TRIP087,2024-02-06 09:30:37,1297,96,argument,84
AUD567,TRIP087,2024-02-06 09:31:37,1357,82,conversation,0
AUD568,TRIP087,2024-02-06 09:32:13,1393,74,conversation,73
AUD569,TRIP087,2024-02-06 09:33:13,1453,62,normal,0
AUD570,TRIP087,2024-02-06 09:32:00,1380,49,quiet,0
AUD571,TRIP088,2024-02-06 10:16:00,0,51,quiet,0
AUD572,TRIP088,2024-02-06 10:16:51,51,59,normal,0
AUD573,TRIP088,2024-02-06 10:18:51,171,88,argument,144
AUD574,TRIP088,2024-02-06 10:19:51,231,77,conversation,0
AUD575,TRIP088,2024-02-06 10:53:00,2220,53,quiet,0
AUD576,TRIP089,2024-02-06 11:23:00,0,50,quiet,0
AUD577,TRIP089,2024-02-06 11:35:47,767,58,normal,0
AUD578,TRIP089,2024-02-06 11:37:47,887,54,normal,102
AUD579,TRIP089,2024-02-06 11:47:54,1494,87,very_loud,81
AUD580,TRIP089,2024-02-06 11:48:54,1554,72,conversation,0
AUD581,TRIP089,2024-02-06 11:55:00,1920,51,quiet,0
AUD582,TRIP090,2024-02-06 12:30:00,0,49,quiet,0
AUD583,TRIP090,2024-02-06 12:35:00,300,56,conversation,0
AUD584,TRIP090,2024-02-06 12:40:00,600,68,normal,0
AUD585,TRIP090,2024-02-06 12:45:00,900,63,normal,0
AUD586,TRIP090,2024-02-06 12:50:00,1200,56,normal,0
AUD587,TRIP090,2024-02-06 12:55:00,1500,63,conversation,0
AUD588,TRIP090,2024-02-06 13:00:00,1800,47,quiet,0
AUD589,TRIP091,2024-02-06 13:37:00,0,53,quiet,0
AUD590,TRIP091,2024-02-06 13:41:20,260,63,normal,0
AUD591,TRIP091,2024-02-06 13:45:40,520,62,normal,0
AUD592,TRIP091,2024-02-06 13:50:00,780,63,conversation,0
AUD593,TRIP091,2024-02-06 13:54:20,1040,55,normal,0
AUD594,TRIP091,2024-02-06 13:58:40,1300,62,conversation,0
AUD595,TRIP091,2024-02-06 14:03:00,1560,54,quiet,0
AUD596,TRIP092,2024-02-06 14:44:00,0,49,quiet,0
AUD597,TRIP092,2024-02-06 14:54:16,616,57,normal,0
AUD598,TRIP092,2024-02-06 14:56:16,736,75,loud,34
AUD599,TRIP092,2024-02-06 14:57:16,796,62,normal,0
AUD600,TRIP092,2024-02-06 15:17:00,1980,50,quiet,0
AUD601,TRIP093,2024-02-06 15:51:00,0,53,quiet,0
AUD602,TRIP093,2024-02-06 15:51:30,30,57,normal,0
AUD603,TRIP093,2024-02-06 15:53:15,135,86,very_loud,77
AUD604,TRIP093,2024-02-06 15:54:15,195,72,conversation,0
AUD605,TRIP093,2024-02-06 15:53:29,149,56,normal,0
AUD606,TRIP093,2024-02-06 16:10:00,1140,50,quiet,0
AUD607,TRIP094,2024-02-06 16:58:00,0,53,quiet,0
AUD608,TRIP094,2024-02-06 17:02:50,290,62,normal,0
AUD609,TRIP094,2024-02-06 17:07:40,580,59,normal,0
AUD610,TRIP094,2024-02-06 17:12:30,870,68,normal,0
AUD611,TRIP094,2024-02-06 17:17:20,1160,64,normal,0
AUD612,TRIP094,2024-02-06 17:22:10,1450,55,normal,0
AUD613,TRIP094,2024-02-06 17:27:00,1740,46,quiet,0
AUD614,TRIP095,2024-02-06 17:05:00,0,55,quiet,0
AUD615,TRIP095,2024-02-06 17:20:58,958,57,normal,0
AUD616,TRIP095,2024-02-06 17:22:58,1078,56,normal,59
AUD617,TRIP095,2024-02-06 17:28:00,1380,50,quiet,0
AUD618,TRIP096,2024-02-06 06:12:00,0,51,quiet,0
AUD619,TRIP096,2024-02-06 06:19:08,428,56,normal,0
AUD620,TRIP096,2024-02-06 06:21:08,548,54,normal,0
AUD621,TRIP096,2024-02-06 06:30:01,1081,57,normal,0
AUD622,TRIP096,2024-02-06 06:40:00,1680,51,quiet,0
AUD623,TRIP097,2024-02-06 07:19:00,0,55,quiet,0
AUD624,TRIP097,2024-02-06 07:38:34,1174,66,normal,0
AUD625,TRIP097,2024-02-06 07:40:34,1294,80,loud,69
AUD626,TRIP097,2024-02-06 07:38:00,1140,49,quiet,0
AUD627,TRIP098,2024-02-06 08:26:00,0,51,quiet,0
AUD628,TRIP098,2024-02-06 08:31:58,358,66,normal,0
AUD629,TRIP098,2024-02-06 08:33:58,478,56,normal,0
AUD630,TRIP098,2024-02-06 08:42:49,1009,74,conversation,72
AUD631,TRIP098,2024-02-06 08:43:49,1069,63,normal,0
AUD632,TRIP098,2024-02-06 08:55:00,1740,52,quiet,0
AUD633,TRIP099,2024-02-06 09:33:00,0,49,quiet,0
AUD634,TRIP099,2024-02-06 09:45:34,754,65,normal,0
AUD635,TRIP099,2024-02-06 09:47:34,874,77,loud,60
AUD636,TRIP099,2024-02-06 09:59:00,1560,56,quiet,0
AUD637,TRIP100,2024-02-06 10:40:00,0,53,quiet,0
AUD638,TRIP100,2024-02-06 11:01:01,1261,60,normal,0
AUD639,TRIP100,2024-02-06 11:03:01,1381,80,loud,69
AUD640,TRIP100,2024-02-06 11:13:00,1980,52,quiet,0
AUD641,TRIP101,2024-02-06 11:47:00,0,50,quiet,0
AUD642,TRIP101,2024-02-06 11:52:20,320,68,normal,0
AUD643,TRIP101,2024-02-06 11:57:40,640,56,normal,0
AUD644,TRIP101,2024-02-06 12:03:00,960,64,normal,0
AUD645,TRIP101,2024-02-06 12:08:20,1280,56,conversation,0
AUD646,TRIP101,2024-02-06 12:13:40,1600,54,conversation,0
AUD647,TRIP101,2024-02-06 12:19:00,1920,46,quiet,0
AUD648,TRIP102,2024-02-06 12:54:00,0,50,quiet,0
AUD649,TRIP102,2024-02-06 12:59:30,330,68,conversation,0
AUD650,TRIP102,2024-02-06 13:05:00,660,66,normal,0
AUD651,TRIP102,2024-02-06 13:10:30,990,67,normal,0
AUD652,TRIP102,2024-02-06 13:16:00,1320,66,normal,0
AUD653,TRIP102,2024-02-06 13:21:30,1650,56,normal,0
AUD654,TRIP102,2024-02-06 13:27:00,1980,48,quiet,0
AUD655,TRIP103,2024-02-06 13:01:00,0,54,quiet,0
AUD656,TRIP103,2024-02-06 13:06:20,320,65,normal,0
AUD657,TRIP103,2024-02-06 13:11:40,640,68,normal,0
AUD658,TRIP103,2024-02-06 13:17:00,960,65,normal,0
AUD659,TRIP103,2024-02-06 13:22:20,1280,59,normal,0
AUD660,TRIP103,2024-02-06 13:27:40,1600,67,normal,0
AUD661,TRIP103,2024-02-06 13:33:00,1920,49,quiet,0
AUD662,TRIP104,2024-02-06 14:08:00,0,50,quiet,0
AUD663,TRIP104,2024-02-06 14:21:11,791,61,normal,0
AUD664,TRIP104,2024-02-06 14:23:11,911,73,conversation,124
AUD665,TRIP104,2024-02-06 14:30:00,1320,48,quiet,0
AUD666,TRIP105,2024-02-06 15:15:00,0,54,quiet,0
AUD667,TRIP105,2024-02-06 15:29:23,863,61,normal,0
AUD668,TRIP105,2024-02-06 15:31:23,983,54,normal,55
AUD669,TRIP105,2024-02-06 15:38:00,1380,48,quiet,0
AUD670,TRIP106,2024-02-06 16:22:00,0,52,quiet,0
AUD671,TRIP106,2024-02-06 16:34:20,740,64,normal,0
AUD672,TRIP106,2024-02-06 16:36:20,860,72,conversation,30
AUD673,TRIP106,2024-02-06 16:41:58,1198,76,loud,80
AUD674,TRIP106,2024-02-06 16:42:58,1258,63,normal,0
AUD675,TRIP106,2024-02-06 16:46:00,1440,53,quiet,0
AUD676,TRIP107,2024-02-06 17:29:00,0,53,quiet,0
AUD677,TRIP107,2024-02-06 17:34:10,310,67,normal,0
AUD678,TRIP107,2024-02-06 17:39:20,620,60,conversation,0
AUD679,TRIP107,2024-02-06 17:44:30,930,55,normal,0
AUD680,TRIP107,2024-02-06 17:49:40,1240,61,conversation,0
AUD681,TRIP107,2024-02-06 17:54:50,1550,56,conversation,0
AUD682,TRIP107,2024-02-06 18:00:00,1860,50,quiet,0
AUD683,TRIP108,2024-02-06 06:36:00,0,48,quiet,0
AUD684,TRIP108,2024-02-06 06:49:31,811,58,normal,0
AUD685,TRIP108,2024-02-06 06:51:31,931,58,normal,116
AUD686,TRIP108,2024-02-06 06:53:25,1045,76,loud,60
AUD687,TRIP108,2024-02-06 07:04:00,1680,50,quiet,0
AUD688,TRIP109,2024-02-06 07:43:00,0,50,quiet,0
AUD689,TRIP109,2024-02-06 07:47:39,279,66,normal,0
AUD690,TRIP109,2024-02-06 07:49:39,399,73,conversation,71
AUD691,TRIP109,2024-02-06 08:11:00,1680,49,quiet,0
AUD692,TRIP110,2024-02-06 08:50:00,0,50,quiet,0
AUD693,TRIP110,2024-02-06 09:10:42,1242,63,normal,0
AUD694,TRIP110,2024-02-06 09:12:42,1362,74,conversation,32
AUD695,TRIP110,2024-02-06 09:13:42,1422,62,normal,0
AUD696,TRIP110,2024-02-06 09:23:00,1980,55,quiet,0
AUD697,TRIP111,2024-02-06 09:57:00,0,54,quiet,0
AUD698,TRIP111,2024-02-06 10:01:49,289,58,normal,0
AUD699,TRIP111,2024-02-06 10:03:49,409,56,normal,58
AUD700,TRIP111,2024-02-06 10:20:41,1421,97,argument,38
AUD701,TRIP111,2024-02-06 10:21:41,1481,84,conversation,0
AUD702,TRIP111,2024-02-06 10:16:00,1140,51,quiet,0
AUD703,TRIP112,2024-02-06 10:04:00,0,52,quiet,0
AUD704,TRIP112,2024-02-06 10:05:13,73,60,normal,0
AUD705,TRIP112,2024-02-06 10:07:13,193,56,normal,0
AUD706,TRIP112,2024-02-06 10:40:00,2160,56,quiet,0
AUD707,TRIP113,2024-02-06 11:11:00,0,50,quiet,0
AUD708,TRIP113,2024-02-06 11:24:25,805,59,normal,0
AUD709,TRIP113,2024-02-06 11:26:25,925,83,very_loud,136
AUD710,TRIP113,2024-02-06 11:27:25,985,73,conversation,0
AUD711,TRIP113,2024-02-06 11:30:00,1140,48,quiet,0
AUD712,TRIP114,2024-02-06 12:18:00,0,50,quiet,0
AUD713,TRIP114,2024-02-06 12:23:00,300,57,normal,0
AUD714,TRIP114,2024-02-06 12:28:00,600,61,normal,0
AUD715,TRIP114,2024-02-06 12:33:00,900,63,conversation,0
AUD716,TRIP114,2024-02-06 12:38:00,1200,62,conversation,0
AUD717,TRIP114,2024-02-06 12:43:00,1500,65,normal,0
AUD718,TRIP114,2024-02-06 12:48:00,1800,49,quiet,0
AUD719,TRIP115,2024-02-06 13:25:00,0,51,quiet,0
AUD720,TRIP115,2024-02-06 13:28:00,180,66,normal,0
AUD721,TRIP115,2024-02-06 13:31:00,360,58,normal,0
AUD722,TRIP115,2024-02-06 13:34:00,540,61,normal,0
AUD723,TRIP115,2024-02-06 13:37:00,720,59,normal,0
AUD724,TRIP115,2024-02-06 13:40:00,900,68,conversation,0
AUD725,TRIP115,2024-02-06 13:43:00,1080,48,quiet,0
AUD726,TRIP116,2024-02-06 14:32:00,0,55,quiet,0
AUD727,TRIP116,2024-02-06 14:40:19,499,57,normal,0
AUD728,TRIP116,2024-02-06 14:42:19,619,59,normal,117
AUD729,TRIP116,2024-02-06 15:10:00,2280,52,quiet,0
AUD730,TRIP117,2024-02-06 15:39:00,0,51,quiet,0
AUD731,TRIP117,2024-02-06 15:51:06,726,60,normal,0
AUD732,TRIP117,2024-02-06 15:53:06,846,74,loud,74
AUD733,TRIP117,2024-02-06 15:54:06,906,63,normal,0
AUD734,TRIP117,2024-02-06 16:10:00,1860,53,quiet,0
AUD735,TRIP118,2024-02-06 16:46:00,0,53,quiet,0
AUD736,TRIP118,2024-02-06 16:58:07,727,62,normal,0
AUD737,TRIP118,2024-02-06 17:00:07,847,60,normal,120
AUD738,TRIP118,2024-02-06 17:07:27,1287,56,normal,0
AUD739,TRIP118,2024-02-06 17:15:00,1740,55,quiet,0
AUD740,TRIP119,2024-02-06 17:53:00,0,50,quiet,0
AUD741,TRIP119,2024-02-06 17:58:00,300,55,normal,0
AUD742,TRIP119,2024-02-06 18:03:00,600,65,conversation,0
AUD743,TRIP119,2024-02-06 18:08:00,900,61,normal,0
AUD744,TRIP119,2024-02-06 18:13:00,1200,63,conversation,0
AUD745,TRIP119,2024-02-06 18:18:00,1500,67,conversation,0
AUD746,TRIP119,2024-02-06 18:23:00,1800,51,quiet,0
AUD747,TRIP120,2024-02-06 06:00:00,0,55,quiet,0
AUD748,TRIP120,2024-02-06 06:14:44,884,58,normal,0
AUD749,TRIP120,2024-02-06 06:16:44,1004,56,normal,0
AUD750,TRIP120,2024-02-06 06:31:00,1860,53,quiet,0
AUD751,TRIP121,2024-02-06 07:07:00,0,51,quiet,0
AUD752,TRIP121,2024-02-06 07:10:10,190,60,conversation,0
AUD753,TRIP121,2024-02-06 07:13:20,380,66,normal,0
AUD754,TRIP121,2024-02-06 07:16:30,570,58,conversation,0
AUD755,TRIP121,2024-02-06 07:19:40,760,62,normal,0
AUD756,TRIP121,2024-02-06 07:22:50,950,65,normal,0
AUD757,TRIP121,2024-02-06 07:26:00,1140,46,quiet,0
AUD758,TRIP122,2024-02-06 08:14:00,0,52,quiet,0
AUD759,TRIP122,2024-02-06 08:22:09,489,62,normal,0
AUD760,TRIP122,2024-02-06 08:24:09,609,83,very_loud,80
AUD761,TRIP122,2024-02-06 08:25:09,669,68,conversation,0
AUD762,TRIP122,2024-02-06 08:32:34,1114,97,argument,146
AUD763,TRIP122,2024-02-06 08:33:34,1174,84,conversation,0
AUD764,TRIP122,2024-02-06 08:37:28,1408,74,loud,129
AUD765,TRIP122,2024-02-06 08:38:28,1468,62,normal,0
AUD766,TRIP122,2024-02-06 08:36:00,1320,49,quiet,0
AUD767,TRIP123,2024-02-06 09:21:00,0,50,quiet,0
AUD768,TRIP123,2024-02-06 09:25:30,270,57,normal,0
AUD769,TRIP123,2024-02-06 09:30:00,540,68,conversation,0
AUD770,TRIP123,2024-02-06 09:34:30,810,64,conversation,0
AUD771,TRIP123,2024-02-06 09:39:00,1080,65,conversation,0
AUD772,TRIP123,2024-02-06 09:43:30,1350,55,normal,0
AUD773,TRIP123,2024-02-06 09:48:00,1620,47,quiet,0
AUD774,TRIP124,2024-02-06 10:28:00,0,49,quiet,0
AUD775,TRIP124,2024-02-06 10:29:27,87,65,normal,0
AUD776,TRIP124,2024-02-06 10:31:27,207,57,normal,0
AUD777,TRIP124,2024-02-06 10:50:00,1320,49,quiet,0
AUD778,TRIP125,2024-02-06 11:35:00,0,51,quiet,0
AUD779,TRIP125,2024-02-06 11:40:12,312,61,normal,0
AUD780,TRIP125,2024-02-06 11:42:12,432,84,very_loud,60
AUD781,TRIP125,2024-02-06 11:43:12,492,74,conversation,0
AUD782,TRIP125,2024-02-06 12:02:00,1620,52,quiet,0
AUD783,TRIP126,2024-02-06 12:42:00,0,52,quiet,0
AUD784,TRIP126,2024-02-06 12:42:30,30,61,normal,0
AUD785,TRIP126,2024-02-06 12:43:54,114,78,loud,38
AUD786,TRIP126,2024-02-06 12:44:54,174,65,normal,0
AUD787,TRIP126,2024-02-06 13:03:00,1260,48,quiet,0
AUD788,TRIP127,2024-02-06 13:49:00,0,47,quiet,0
AUD789,TRIP127,2024-02-06 13:55:00,360,63,normal,0
AUD790,TRIP127,2024-02-06 14:01:00,720,58,normal,0
AUD791,TRIP127,2024-02-06 14:07:00,1080,62,conversation,0
AUD792,TRIP127,2024-02-06 14:13:00,1440,62,normal,0
AUD793,TRIP127,2024-02-06 14:19:00,1800,59,normal,0
AUD794,TRIP127,2024-02-06 14:25:00,2160,51,quiet,0
AUD795,TRIP128,2024-02-06 14:56:00,0,48,quiet,0
AUD796,TRIP128,2024-02-06 15:01:40,340,64,conversation,0
AUD797,TRIP128,2024-02-06 15:07:20,680,56,normal,0
AUD798,TRIP128,2024-02-06 15:13:00,1020,59,conversation,0
AUD799,TRIP128,2024-02-06 15:18:40,1360,62,normal,0
AUD800,TRIP128,2024-02-06 15:24:20,1700,56,normal,0
AUD801,TRIP128,2024-02-06 15:30:00,2040,46,quiet,0
AUD802,TRIP129,2024-02-06 15:03:00,0,49,quiet,0
AUD803,TRIP129,2024-02-06 15:19:30,990,61,normal,0
AUD804,TRIP129,2024-02-06 15:21:30,1110,78,loud,114
AUD805,TRIP129,2024-02-06 15:33:00,1800,52,quiet,0
AUD806,TRIP130,2024-02-06 16:10:00,0,53,quiet,0
AUD807,TRIP130,2024-02-06 16:19:51,591,58,normal,0
AUD808,TRIP130,2024-02-06 16:21:51,711,87,very_loud,135
AUD809,TRIP130,2024-02-06 16:22:51,771,75,conversation,0
AUD810,TRIP130,2024-02-06 16:30:05,1205,78,loud,86
AUD811,TRIP130,2024-02-06 16:31:05,1265,63,normal,0
AUD812,TRIP130,2024-02-06 16:46:00,2160,48,quiet,0
AUD813,TRIP131,2024-02-06 17:17:00,0,50,quiet,0
AUD814,TRIP131,2024-02-06 17:20:50,230,60,conversation,0
AUD815,TRIP131,2024-02-06 17:24:40,460,59,normal,0
AUD816,TRIP131,2024-02-06 17:28:30,690,64,normal,0
AUD817,TRIP131,2024-02-06 17:32:20,920,58,conversation,0
AUD818,TRIP131,2024-02-06 17:36:10,1150,57,normal,0
AUD819,TRIP131,2024-02-06 17:40:00,1380,54,quiet,0
AUD820,TRIP132,2024-02-06 06:24:00,0,51,quiet,0
AUD821,TRIP132,2024-02-06 06:44:12,1212,58,normal,0
AUD822,TRIP132,2024-02-06 06:46:12,1332,72,conversation,68
AUD823,TRIP132,2024-02-06 06:45:00,1260,53,quiet,0
AUD824,TRIP133,2024-02-06 07:31:00,0,49,quiet,0
AUD825,TRIP133,2024-02-06 07:34:50,230,67,normal,0
AUD826,TRIP133,2024-02-06 07:38:40,460,60,conversation,0
AUD827,TRIP133,2024-02-06 07:42:30,690,65,normal,0
AUD828,TRIP133,2024-02-06 07:46:20,920,63,conversation,0
AUD829,TRIP133,2024-02-06 07:50:10,1150,65,normal,0
AUD830,TRIP133,2024-02-06 07:54:00,1380,51,quiet,0
AUD831,TRIP134,2024-02-06 08:38:00,0,52,quiet,0
AUD832,TRIP134,2024-02-06 08:46:21,501,57,normal,0
AUD833,TRIP134,2024-02-06 08:48:21,621,78,loud,145
AUD834,TRIP134,2024-02-06 08:49:21,681,68,normal,0
AUD835,TRIP134,2024-02-06 09:15:00,2220,53,quiet,0
AUD836,TRIP135,2024-02-06 09:45:00,0,52,quiet,0
AUD837,TRIP135,2024-02-06 09:50:00,300,64,normal,0
AUD838,TRIP135,2024-02-06 09:55:00,600,54,normal,0
AUD839,TRIP135,2024-02-06 10:00:00,900,59,conversation,0
AUD840,TRIP135,2024-02-06 10:05:00,1200,63,normal,0
AUD841,TRIP135,2024-02-06 10:10:00,1500,60,normal,0
AUD842,TRIP135,2024-02-06 10:15:00,1800,47,quiet,0
AUD843,TRIP136,2024-02-06 10:52:00,0,47,quiet,0
AUD844,TRIP136,2024-02-06 10:55:30,210,56,conversation,0
AUD845,TRIP136,2024-02-06 10:59:00,420,60,normal,0
AUD846,TRIP136,2024-02-06 11:02:30,630,58,normal,0
AUD847,TRIP136,2024-02-06 11:06:00,840,63,normal,0
AUD848,TRIP136,2024-02-06 11:09:30,1050,61,conversation,0
AUD849,TRIP136,2024-02-06 11:13:00,1260,48,quiet,0
AUD850,TRIP137,2024-02-06 11:59:00,0,50,quiet,0
AUD851,TRIP137,2024-02-06 12:11:20,740,56,normal,0
AUD852,TRIP137,2024-02-06 12:13:20,860,54,normal,0
AUD853,TRIP137,2024-02-06 12:19:13,1213,75,loud,77
AUD854,TRIP137,2024-02-06 12:20:13,1273,62,normal,0
AUD855,TRIP137,2024-02-06 12:22:28,1408,72,conversation,120
AUD856,TRIP137,2024-02-06 12:37:00,2280,56,quiet,0
AUD857,TRIP138,2024-02-06 12:06:00,0,49,quiet,0
AUD858,TRIP138,2024-02-06 12:11:50,350,67,normal,0
AUD859,TRIP138,2024-02-06 12:17:40,700,54,conversation,0
AUD860,TRIP138,2024-02-06 12:23:30,1050,64,normal,0
AUD861,TRIP138,2024-02-06 12:29:20,1400,56,normal,0
AUD862,TRIP138,2024-02-06 12:35:10,1750,67,normal,0
AUD863,TRIP138,2024-02-06 12:41:00,2100,50,quiet,0
AUD864,TRIP139,2024-02-06 13:13:00,0,53,quiet,0
AUD865,TRIP139,2024-02-06 13:17:44,284,59,normal,0
AUD866,TRIP139,2024-02-06 13:19:44,404,78,loud,145
AUD867,TRIP139,2024-02-06 13:20:44,464,67,normal,0
AUD868,TRIP139,2024-02-06 13:22:13,553,78,loud,38
AUD869,TRIP139,2024-02-06 13:23:13,613,68,normal,0
AUD870,TRIP139,2024-02-06 13:27:29,869,55,normal,0
AUD871,TRIP139,2024-02-06 13:44:00,1860,53,quiet,0
AUD872,TRIP140,2024-02-06 14:20:00,0,52,quiet,0
AUD873,TRIP140,2024-02-06 14:25:20,320,57,conversation,0
AUD874,TRIP140,2024-02-06 14:30:40,640,62,normal,0
AUD875,TRIP140,2024-02-06 14:36:00,960,63,conversation,0
AUD876,TRIP140,2024-02-06 14:41:20,1280,68,conversation,0
AUD877,TRIP140,2024-02-06 14:46:40,1600,61,normal,0
AUD878,TRIP140,2024-02-06 14:52:00,1920,51,quiet,0
AUD879,TRIP141,2024-02-06 15:27:00,0,54,quiet,0
AUD880,TRIP141,2024-02-06 15:32:58,358,56,normal,0
AUD881,TRIP141,2024-02-06 15:34:58,478,76,loud,134
AUD882,TRIP141,2024-02-06 15:35:58,538,62,normal,0
AUD883,TRIP141,2024-02-06 15:43:56,1016,73,conversation,70
AUD884,TRIP141,2024-02-06 15:52:00,1500,50,quiet,0
AUD885,TRIP142,2024-02-06 16:34:00,0,46,quiet,0
AUD886,TRIP142,2024-02-06 16:38:40,280,56,normal,0
AUD887,TRIP142,2024-02-06 16:43:20,560,67,normal,0
AUD888,TRIP142,2024-02-06 16:48:00,840,57,conversation,0
AUD889,TRIP142,2024-02-06 16:52:40,1120,60,normal,0
AUD890,TRIP142,2024-02-06 16:57:20,1400,60,normal,0
AUD891,TRIP142,2024-02-06 17:02:00,1680,50,quiet,0
AUD892,TRIP143,2024-02-06 17:41:00,0,52,quiet,0
AUD893,TRIP143,2024-02-06 17:55:25,865,66,normal,0
AUD894,TRIP143,2024-02-06 17:57:25,985,78,loud,38
AUD895,TRIP143,2024-02-06 17:58:25,1045,66,normal,0
AUD896,TRIP143,2024-02-06 18:17:00,2160,50,quiet,0
AUD897,TRIP144,2024-02-06 06:48:00,0,54,quiet,0
AUD898,TRIP144,2024-02-06 06:53:00,300,56,normal,0
AUD899,TRIP144,2024-02-06 06:58:00,600,57,conversation,0
AUD900,TRIP144,2024-02-06 07:03:00,900,68,normal,0
AUD901,TRIP144,2024-02-06 07:08:00,1200,67,conversation,0
AUD902,TRIP144,2024-02-06 07:13:00,1500,58,normal,0
AUD903,TRIP144,2024-02-06 07:18:00,1800,46,quiet,0
AUD904,TRIP145,2024-02-06 07:55:00,0,53,quiet,0
AUD905,TRIP145,2024-02-06 08:16:56,1316,60,normal,0
AUD906,TRIP145,2024-02-06 08:18:56,1436,81,loud,128
AUD907,TRIP145,2024-02-06 08:19:56,1496,70,conversation,0
AUD908,TRIP145,2024-02-06 08:28:00,1980,52,quiet,0
AUD909,TRIP146,2024-02-06 08:02:00,0,51,quiet,0
AUD910,TRIP146,2024-02-06 08:18:04,964,59,normal,0
AUD911,TRIP146,2024-02-06 08:20:04,1084,75,loud,33
AUD912,TRIP146,2024-02-06 08:21:04,1144,62,normal,0
AUD913,TRIP146,2024-02-06 08:30:00,1680,51,quiet,0
AUD914,TRIP147,2024-02-06 09:09:00,0,51,quiet,0
AUD915,TRIP147,2024-02-06 09:12:30,210,59,normal,0
AUD916,TRIP147,2024-02-06 09:16:00,420,68,conversation,0
AUD917,TRIP147,2024-02-06 09:19:30,630,61,conversation,0
AUD918,TRIP147,2024-02-06 09:23:00,840,62,normal,0
AUD919,TRIP147,2024-02-06 09:26:30,1050,59,conversation,0
AUD920,TRIP147,2024-02-06 09:30:00,1260,46,quiet,0
AUD921,TRIP148,2024-02-06 10:16:00,0,55,quiet,0
AUD922,TRIP148,2024-02-06 10:16:30,30,63,normal,0
AUD923,TRIP148,2024-02-06 10:18:20,140,78,loud,85
AUD924,TRIP148,2024-02-06 10:19:20,200,62,normal,0
AUD925,TRIP148,2024-02-06 10:39:00,1380,54,quiet,0
AUD926,TRIP149,2024-02-06 11:23:00,0,53,quiet,0
AUD927,TRIP149,2024-02-06 11:26:15,195,60,normal,0
AUD928,TRIP149,2024-02-06 11:28:15,315,59,normal,29
AUD929,TRIP149,2024-02-06 11:57:00,2040,49,quiet,0
AUD930,TRIP150,2024-02-06 12:30:00,0,52,quiet,0
AUD931,TRIP150,2024-02-06 12:44:19,859,66,normal,0
AUD932,TRIP150,2024-02-06 12:46:19,979,57,normal,112
AUD933,TRIP150,2024-02-06 13:02:00,1920,56,quiet,0
AUD934,TRIP151,2024-02-06 13:37:00,0,49,quiet,0
AUD935,TRIP151,2024-02-06 13:37:30,30,60,normal,0
AUD936,TRIP151,2024-02-06 13:38:27,87,78,loud,37
AUD937,TRIP151,2024-02-06 13:39:27,147,67,normal,0
AUD938,TRIP151,2024-02-06 13:44:55,475,78,loud,114
AUD939,TRIP151,2024-02-06 14:15:00,2280,55,quiet,0
AUD940,TRIP152,2024-02-06 14:44:00,0,54,quiet,0
AUD941,TRIP152,2024-02-06 14:48:00,240,58,normal,0
AUD942,TRIP152,2024-02-06 14:52:00,480,60,normal,0
AUD943,TRIP152,2024-02-06 14:56:00,720,59,normal,0
AUD944,TRIP152,2024-02-06 15:00:00,960,56,conversation,0
AUD945,TRIP152,2024-02-06 15:04:00,1200,67,conversation,0
AUD946,TRIP152,2024-02-06 15:08:00,1440,47,quiet,0
AUD947,TRIP153,2024-02-06 15:51:00,0,51,quiet,0
AUD948,TRIP153,2024-02-06 15:55:00,240,66,normal,0
AUD949,TRIP153,2024-02-06 15:59:00,480,61,normal,0
AUD950,TRIP153,2024-02-06 16:03:00,720,59,conversation,0
AUD951,TRIP153,2024-02-06 16:07:00,960,57,normal,0
AUD952,TRIP153,2024-02-06 16:11:00,1200,61,conversation,0
AUD953,TRIP153,2024-02-06 16:15:00,1440,46,quiet,0
AUD954,TRIP154,2024-02-06 16:58:00,0,48,quiet,0
AUD955,TRIP154,2024-02-06 16:58:30,30,60,normal,0
AUD956,TRIP154,2024-02-06 16:59:09,69,78,loud,85
AUD957,TRIP154,2024-02-06 17:00:09,129,66,normal,0
AUD958,TRIP154,2024-02-06 17:11:13,793,77,loud,36
AUD959,TRIP154,2024-02-06 17:12:13,853,62,normal,0
AUD960,TRIP154,2024-02-06 17:25:00,1620,54,quiet,0
AUD961,TRIP155,2024-02-06 17:05:00,0,55,quiet,0
AUD962,TRIP155,2024-02-06 17:19:32,872,62,normal,0
AUD963,TRIP155,2024-02-06 17:21:32,992,74,conversation,73
AUD964,TRIP155,2024-02-06 17:22:32,1052,62,normal,0
AUD965,TRIP155,2024-02-06 17:31:00,1560,49,quiet,0
AUD966,TRIP156,2024-02-06 06:12:00,0,53,quiet,0
AUD967,TRIP156,2024-02-06 06:15:20,200,54,conversation,0
AUD968,TRIP156,2024-02-06 06:18:40,400,64,normal,0
AUD969,TRIP156,2024-02-06 06:22:00,600,58,normal,0
AUD970,TRIP156,2024-02-06 06:25:20,800,64,conversation,0
AUD971,TRIP156,2024-02-06 06:28:40,1000,66,normal,0
AUD972,TRIP156,2024-02-06 06:32:00,1200,52,quiet,0
AUD973,TRIP157,2024-02-06 07:19:00,0,54,quiet,0
AUD974,TRIP157,2024-02-06 07:20:46,106,64,normal,0
AUD975,TRIP157,2024-02-06 07:22:46,226,88,argument,85
AUD976,TRIP157,2024-02-06 07:23:46,286,71,conversation,0
AUD977,TRIP157,2024-02-06 07:44:00,1500,50,quiet,0
AUD978,TRIP158,2024-02-06 08:26:00,0,46,quiet,0
AUD979,TRIP158,2024-02-06 08:31:50,350,57,normal,0
AUD980,TRIP158,2024-02-06 08:37:40,700,57,normal,0
AUD981,TRIP158,2024-02-06 08:43:30,1050,55,normal,0
AUD982,TRIP158,2024-02-06 08:49:20,1400,63,conversation,0
AUD983,TRIP158,2024-02-06 08:55:10,1750,62,conversation,0
AUD984,TRIP158,2024-02-06 09:01:00,2100,49,quiet,0
AUD985,TRIP159,2024-02-06 09:33:00,0,52,quiet,0
AUD986,TRIP159,2024-02-06 09:41:52,532,58,normal,0
AUD987,TRIP159,2024-02-06 09:43:52,652,78,loud,37
AUD988,TRIP159,2024-02-06 09:44:52,712,65,normal,0
AUD989,TRIP159,2024-02-06 09:48:01,901,75,loud,130
AUD990,TRIP159,2024-02-06 09:49:01,961,62,normal,0
AUD991,TRIP159,2024-02-06 09:54:00,1260,52,quiet,0
AUD992,TRIP160,2024-02-06 10:40:00,0,48,quiet,0
AUD993,TRIP160,2024-02-06 10:51:35,695,63,normal,0
AUD994,TRIP160,2024-02-06 10:53:35,815,72,conversation,30
AUD995,TRIP160,2024-02-06 11:01:00,1260,49,quiet,0
AUD996,TRIP161,2024-02-06 11:47:00,0,51,quiet,0
AUD997,TRIP161,2024-02-06 11:57:24,624,62,normal,0
AUD998,TRIP161,2024-02-06 11:59:24,744,57,normal,0
AUD999,TRIP161,2024-02-06 12:08:00,1260,54,quiet,0
AUD1000,TRIP162,2024-02-06 12:54:00,0,50,quiet,0
AUD1001,TRIP162,2024-02-06 13:00:15,375,64,normal,0
AUD1002,TRIP162,2024-02-06 13:02:15,495,76,loud,109
AUD1003,TRIP162,2024-02-06 13:18:46,1486,76,loud,136
AUD1004,TRIP162,2024-02-06 13:19:46,1546,64,normal,0
AUD1005,TRIP162,2024-02-06 13:21:00,1620,51,quiet,0
AUD1006,TRIP163,2024-02-06 13:01:00,0,51,quiet,0
AUD1007,TRIP163,2024-02-06 13:05:40,280,64,normal,0
AUD1008,TRIP163,2024-02-06 13:07:40,400,55,normal,58
AUD1009,TRIP163,2024-02-06 13:39:00,2280,50,quiet,0
AUD1010,TRIP164,2024-02-06 14:08:00,0,50,quiet,0
AUD1011,TRIP164,2024-02-06 14:13:52,352,59,normal,0
AUD1012,TRIP164,2024-02-06 14:15:52,472,73,conversation,70
AUD1013,TRIP164,2024-02-06 14:39:00,1860,50,quiet,0
AUD1014,TRIP165,2024-02-06 15:15:00,0,50,quiet,0
AUD1015,TRIP165,2024-02-06 15:34:04,1144,65,normal,0
AUD1016,TRIP165,2024-02-06 15:36:04,1264,79,loud,87
AUD1017,TRIP165,2024-02-06 15:37:04,1324,68,normal,0
AUD1018,TRIP165,2024-02-06 15:43:00,1680,51,quiet,0
AUD1019,TRIP166,2024-02-06 16:22:00,0,46,quiet,0
AUD1020,TRIP166,2024-02-06 16:27:10,310,66,conversation,0
AUD1021,TRIP166,2024-02-06 16:32:20,620,55,normal,0
AUD1022,TRIP166,2024-02-06 16:37:30,930,58,normal,0
AUD1023,TRIP166,2024-02-06 16:42:40,1240,64,normal,0
AUD1024,TRIP166,2024-02-06 16:47:50,1550,64,conversation,0
AUD1025,TRIP166,2024-02-06 16:53:00,1860,49,quiet,0
AUD1026,TRIP167,2024-02-06 17:29:00,0,49,quiet,0
AUD1027,TRIP167,2024-02-06 17:29:30,30,63,normal,0
AUD1028,TRIP167,2024-02-06 17:31:14,134,73,conversation,30
AUD1029,TRIP167,2024-02-06 17:42:12,792,87,very_loud,136
AUD1030,TRIP167,2024-02-06 17:43:12,852,77,conversation,0
AUD1031,TRIP167,2024-02-06 17:52:13,1393,77,loud,139
AUD1032,TRIP167,2024-02-06 17:53:13,1453,64,normal,0
AUD1033,TRIP167,2024-02-06 18:00:00,1860,56,quiet,0
AUD1034,TRIP168,2024-02-06 06:36:00,0,52,quiet,0
AUD1035,TRIP168,2024-02-06 06:38:47,167,57,normal,0
AUD1036,TRIP168,2024-02-06 06:40:47,287,57,normal,0
AUD1037,TRIP168,2024-02-06 06:54:29,1109,76,loud,78
AUD1038,TRIP168,2024-02-06 06:55:29,1169,62,normal,0
AUD1039,TRIP168,2024-02-06 07:10:00,2040,50,quiet,0
AUD1040,TRIP169,2024-02-06 07:43:00,0,51,quiet,0
AUD1041,TRIP169,2024-02-06 07:50:16,436,59,normal,0
AUD1042,TRIP169,2024-02-06 07:52:16,556,58,normal,28
AUD1043,TRIP169,2024-02-06 08:01:00,1080,50,quiet,0
AUD1044,TRIP170,2024-02-06 08:50:00,0,51,quiet,0
AUD1045,TRIP170,2024-02-06 08:54:30,270,61,normal,0
AUD1046,TRIP170,2024-02-06 08:56:30,390,75,loud,33
AUD1047,TRIP170,2024-02-06 08:57:30,450,65,normal,0
AUD1048,TRIP170,2024-02-06 09:18:00,1680,49,quiet,0
AUD1049,TRIP171,2024-02-06 09:57:00,0,52,quiet,0
AUD1050,TRIP171,2024-02-06 09:58:16,76,61,normal,0
AUD1051,TRIP171,2024-02-06 10:00:16,196,76,loud,79
AUD1052,TRIP171,2024-02-06 10:01:16,256,65,normal,0
AUD1053,TRIP171,2024-02-06 10:17:52,1252,76,loud,35
AUD1054,TRIP171,2024-02-06 10:18:52,1312,65,normal,0
AUD1055,TRIP171,2024-02-06 10:16:00,1140,51,quiet,0
AUD1056,TRIP172,2024-02-06 10:04:00,0,54,quiet,0
AUD1057,TRIP172,2024-02-06 10:07:12,192,58,normal,0
AUD1058,TRIP172,2024-02-06 10:09:12,312,73,conversation,124
AUD1059,TRIP172,2024-02-06 10:20:11,971,59,normal,66
AUD1060,TRIP172,2024-02-06 10:38:00,2040,56,quiet,0
AUD1061,TRIP173,2024-02-06 11:11:00,0,49,quiet,0
AUD1062,TRIP173,2024-02-06 11:28:10,1030,66,normal,0
AUD1063,TRIP173,2024-02-06 11:30:10,1150,77,loud,82
AUD1064,TRIP173,2024-02-06 11:31:10,1210,67,normal,0
AUD1065,TRIP173,2024-02-06 11:46:00,2100,51,quiet,0
AUD1066,TRIP174,2024-02-06 12:18:00,0,48,quiet,0
AUD1067,TRIP174,2024-02-06 12:35:11,1031,60,normal,0
AUD1068,TRIP174,2024-02-06 12:37:11,1151,84,very_loud,83
AUD1069,TRIP174,2024-02-06 12:38:11,1211,66,conversation,0
AUD1070,TRIP174,2024-02-06 12:44:00,1560,55,quiet,0
AUD1071,TRIP175,2024-02-06 13:25:00,0,53,quiet,0
AUD1072,TRIP175,2024-02-06 13:33:22,502,65,normal,0
AUD1073,TRIP175,2024-02-06 13:35:22,622,56,normal,108
AUD1074,TRIP175,2024-02-06 13:49:00,1440,53,quiet,0
AUD1075,TRIP176,2024-02-06 14:32:00,0,48,quiet,0
AUD1076,TRIP176,2024-02-06 14:37:00,300,64,normal,0
AUD1077,TRIP176,2024-02-06 14:42:00,600,67,conversation,0
AUD1078,TRIP176,2024-02-06 14:47:00,900,68,conversation,0
AUD1079,TRIP176,2024-02-06 14:52:00,1200,67,conversation,0
AUD1080,TRIP176,2024-02-06 14:57:00,1500,68,conversation,0
AUD1081,TRIP176,2024-02-06 15:02:00,1800,53,quiet,0
AUD1082,TRIP177,2024-02-06 15:39:00,0,47,quiet,0
AUD1083,TRIP177,2024-02-06 15:44:00,300,61,conversation,0
AUD1084,TRIP177,2024-02-06 15:49:00,600,59,conversation,0
AUD1085,TRIP177,2024-02-06 15:54:00,900,59,normal,0
AUD1086,TRIP177,2024-02-06 15:59:00,1200,55,conversation,0
AUD1087,TRIP177,2024-02-06 16:04:00,1500,59,normal,0
AUD1088,TRIP177,2024-02-06 16:09:00,1800,54,quiet,0
AUD1089,TRIP178,2024-02-06 16:46:00,0,55,quiet,0
AUD1090,TRIP178,2024-02-06 16:52:51,411,60,normal,0
AUD1091,TRIP178,2024-02-06 16:54:51,531,73,conversation,123
AUD1092,TRIP178,2024-02-06 17:02:57,1017,81,loud,127
AUD1093,TRIP178,2024-02-06 17:03:57,1077,64,conversation,0
AUD1094,TRIP178,2024-02-06 17:10:00,1440,53,quiet,0
AUD1095,TRIP179,2024-02-06 17:53:00,0,55,quiet,0
AUD1096,TRIP179,2024-02-06 17:53:58,58,61,normal,0
AUD1097,TRIP179,2024-02-06 17:55:58,178,57,normal,62
AUD1098,TRIP179,2024-02-06 18:04:30,690,54,quiet,0
AUD1099,TRIP179,2024-02-06 18:31:00,2280,56,quiet,0
AUD1100,TRIP180,2024-02-06 06:00:00,0,51,quiet,0
AUD1101,TRIP180,2024-02-06 06:02:03,123,63,normal,0
AUD1102,TRIP180,2024-02-06 06:04:03,243,54,normal,54
AUD1103,TRIP180,2024-02-06 06:09:29,569,75,loud,76
AUD1104,TRIP180,2024-02-06 06:10:29,629,62,normal,0
AUD1105,TRIP180,2024-02-06 06:26:00,1560,56,quiet,0
AUD1106,TRIP181,2024-02-06 07:07:00,0,47,quiet,0
AUD1107,TRIP181,2024-02-06 07:10:10,190,63,conversation,0
AUD1108,TRIP181,2024-02-06 07:13:20,380,64,normal,0
AUD1109,TRIP181,2024-02-06 07:16:30,570,61,normal,0
AUD1110,TRIP181,2024-02-06 07:19:40,760,68,conversation,0
AUD1111,TRIP181,2024-02-06 07:22:50,950,63,normal,0
AUD1112,TRIP181,2024-02-06 07:26:00,1140,46,quiet,0
AUD1113,TRIP182,2024-02-06 08:14:00,0,47,quiet,0
AUD1114,TRIP182,2024-02-06 08:17:10,190,62,normal,0
AUD1115,TRIP182,2024-02-06 08:20:20,380,60,normal,0
AUD1116,TRIP182,2024-02-06 08:23:30,570,59,conversation,0
AUD1117,TRIP182,2024-02-06 08:26:40,760,67,normal,0
AUD1118,TRIP182,2024-02-06 08:29:50,950,68,conversation,0
AUD1119,TRIP182,2024-02-06 08:33:00,1140,52,quiet,0
AUD1120,TRIP183,2024-02-06 09:21:00,0,52,quiet,0
AUD1121,TRIP183,2024-02-06 09:24:53,233,61,normal,0
AUD1122,TRIP183,2024-02-06 09:26:53,353,83,very_loud,134
AUD1123,TRIP183,2024-02-06 09:27:53,413,73,conversation,0
AUD1124,TRIP183,2024-02-06 09:39:00,1080,50,quiet,0
AUD1125,TRIP184,2024-02-06 10:28:00,0,50,quiet,0
AUD1126,TRIP184,2024-02-06 10:34:20,380,64,normal,0
AUD1127,TRIP184,2024-02-06 10:40:40,760,57,conversation,0
AUD1128,TRIP184,2024-02-06 10:47:00,1140,67,normal,0
AUD1129,TRIP184,2024-02-06 10:53:20,1520,57,conversation,0
AUD1130,TRIP184,2024-02-06 10:59:40,1900,68,conversation,0
AUD1131,TRIP184,2024-02-06 11:06:00,2280,47,quiet,0
AUD1132,TRIP185,2024-02-06 11:35:00,0,52,quiet,0
AUD1133,TRIP185,2024-02-06 11:41:00,360,62,conversation,0
AUD1134,TRIP185,2024-02-06 11:47:00,720,65,conversation,0
AUD1135,TRIP185,2024-02-06 11:53:00,1080,55,normal,0
AUD1136,TRIP185,2024-02-06 11:59:00,1440,55,normal,0
AUD1137,TRIP185,2024-02-06 12:05:00,1800,60,normal,0
AUD1138,TRIP185,2024-02-06 12:11:00,2160,47,quiet,0
AUD1139,TRIP186,2024-02-06 12:42:00,0,55,quiet,0
AUD1140,TRIP186,2024-02-06 12:45:44,224,64,normal,0
AUD1141,TRIP186,2024-02-06 12:47:44,344,74,conversation,126
AUD1142,TRIP186,2024-02-06 13:10:00,1680,49,quiet,0
AUD1143,TRIP187,2024-02-06 13:49:00,0,51,quiet,0
AUD1144,TRIP187,2024-02-06 13:51:02,122,60,normal,0
AUD1145,TRIP187,2024-02-06 13:53:02,242,77,loud,138
AUD1146,TRIP187,2024-02-06 13:54:02,302,64,normal,0
AUD1147,TRIP187,2024-02-06 14:10:00,1260,54,quiet,0
AUD1148,TRIP188,2024-02-06 14:56:00,0,47,quiet,0
AUD1149,TRIP188,2024-02-06 15:01:10,310,65,normal,0
AUD1150,TRIP188,2024-02-06 15:06:20,620,67,normal,0
AUD1151,TRIP188,2024-02-06 15:11:30,930,66,normal,0
AUD1152,TRIP188,2024-02-06 15:16:40,1240,64,conversation,0
AUD1153,TRIP188,2024-02-06 15:21:50,1550,58,normal,0
AUD1154,TRIP188,2024-02-06 15:27:00,1860,52,quiet,0
AUD1155,TRIP189,2024-02-06 15:03:00,0,48,quiet,0
AUD1156,TRIP189,2024-02-06 15:03:30,30,62,normal,0
AUD1157,TRIP189,2024-02-06 15:04:19,79,59,normal,117
AUD1158,TRIP189,2024-02-06 15:37:00,2040,51,quiet,0
AUD1159,TRIP190,2024-02-06 16:10:00,0,48,quiet,0
AUD1160,TRIP190,2024-02-06 16:16:00,360,56,normal,0
AUD1161,TRIP190,2024-02-06 16:22:00,720,66,conversation,0
AUD1162,TRIP190,2024-02-06 16:28:00,1080,59,normal,0
AUD1163,TRIP190,2024-02-06 16:34:00,1440,54,normal,0
AUD1164,TRIP190,2024-02-06 16:40:00,1800,55,normal,0
AUD1165,TRIP190,2024-02-06 16:46:00,2160,47,quiet,0
AUD1166,TRIP191,2024-02-06 17:17:00,0,49,quiet,0
AUD1167,TRIP191,2024-02-06 17:18:13,73,62,normal,0
AUD1168,TRIP191,2024-02-06 17:20:13,193,77,loud,82
AUD1169,TRIP191,2024-02-06 17:21:13,253,62,normal,0
AUD1170,TRIP191,2024-02-06 17:20:20,200,57,normal,0
AUD1171,TRIP191,2024-02-06 17:48:00,1860,51,quiet,0
AUD1172,TRIP192,2024-02-06 06:24:00,0,46,quiet,0
AUD1173,TRIP192,2024-02-06 06:29:20,320,63,conversation,0
AUD1174,TRIP192,2024-02-06 06:34:40,640,63,conversation,0
AUD1175,TRIP192,2024-02-06 06:40:00,960,55,normal,0
AUD1176,TRIP192,2024-02-06 06:45:20,1280,67,conversation,0
AUD1177,TRIP192,2024-02-06 06:50:40,1600,60,conversation,0
AUD1178,TRIP192,2024-02-06 06:56:00,1920,49,quiet,0
AUD1179,TRIP193,2024-02-06 07:31:00,0,52,quiet,0
AUD1180,TRIP193,2024-02-06 07:35:00,240,63,conversation,0
AUD1181,TRIP193,2024-02-06 07:39:00,480,64,conversation,0
AUD1182,TRIP193,2024-02-06 07:43:00,720,66,normal,0
AUD1183,TRIP193,2024-02-06 07:47:00,960,55,normal,0
AUD1184,TRIP193,2024-02-06 07:51:00,1200,68,normal,0
AUD1185,TRIP193,2024-02-06 07:55:00,1440,51,quiet,0
AUD1186,TRIP194,2024-02-06 08:38:00,0,52,quiet,0
AUD1187,TRIP194,2024-02-06 08:41:30,210,65,normal,0
AUD1188,TRIP194,2024-02-06 08:45:00,420,56,conversation,0
AUD1189,TRIP194,2024-02-06 08:48:30,630,54,normal,0
AUD1190,TRIP194,2024-02-06 08:52:00,840,63,normal,0
AUD1191,TRIP194,2024-02-06 08:55:30,1050,63,normal,0
AUD1192,TRIP194,2024-02-06 08:59:00,1260,46,quiet,0
AUD1193,TRIP195,2024-02-06 09:45:00,0,48,quiet,0
AUD1194,TRIP195,2024-02-06 09:47:26,146,64,normal,0
AUD1195,TRIP195,2024-02-06 09:49:26,266,78,loud,38
AUD1196,TRIP195,2024-02-06 09:50:26,326,65,normal,0
AUD1197,TRIP195,2024-02-06 10:12:00,1620,56,quiet,0
AUD1198,TRIP196,2024-02-06 10:52:00,0,54,quiet,0
AUD1199,TRIP196,2024-02-06 10:56:30,270,63,conversation,0
AUD1200,TRIP196,2024-02-06 11:01:00,540,62,conversation,0
AUD1201,TRIP196,2024-02-06 11:05:30,810,58,normal,0
AUD1202,TRIP196,2024-02-06 11:10:00,1080,66,conversation,0
AUD1203,TRIP196,2024-02-06 11:14:30,1350,54,conversation,0
AUD1204,TRIP196,2024-02-06 11:19:00,1620,49,quiet,0
AUD1205,TRIP197,2024-02-06 11:59:00,0,49,quiet,0
AUD1206,TRIP197,2024-02-06 12:09:18,618,56,normal,0
AUD1207,TRIP197,2024-02-06 12:11:18,738,77,loud,36
AUD1208,TRIP197,2024-02-06 12:12:18,798,62,normal,0
AUD1209,TRIP197,2024-02-06 12:20:26,1286,76,loud,35
AUD1210,TRIP197,2024-02-06 12:21:26,1346,65,normal,0
AUD1211,TRIP197,2024-02-06 12:35:00,2160,50,quiet,0
AUD1212,TRIP198,2024-02-06 12:06:00,0,51,quiet,0
AUD1213,TRIP198,2024-02-06 12:28:49,1369,65,normal,0
AUD1214,TRIP198,2024-02-06 12:30:49,1489,77,loud,36
AUD1215,TRIP198,2024-02-06 12:31:49,1549,64,normal,0
AUD1216,TRIP198,2024-02-06 12:39:00,1980,52,quiet,0
AUD1217,TRIP199,2024-02-06 13:13:00,0,55,quiet,0
AUD1218,TRIP199,2024-02-06 13:32:28,1168,58,normal,0
AUD1219,TRIP199,2024-02-06 13:34:28,1288,82,loud,75
AUD1220,TRIP199,2024-02-06 13:35:28,1348,64,conversation,0
AUD1221,TRIP199,2024-02-06 13:46:00,1980,54,quiet,0
AUD1222,TRIP200,2024-02-06 14:20:00,0,51,quiet,0
AUD1223,TRIP200,2024-02-06 14:25:00,300,59,conversation,0
AUD1224,TRIP200,2024-02-06 14:30:00,600,64,normal,0
AUD1225,TRIP200,2024-02-06 14:35:00,900,61,conversation,0
AUD1226,TRIP200,2024-02-06 14:40:00,1200,66,normal,0
AUD1227,TRIP200,2024-02-06 14:45:00,1500,64,conversation,0
AUD1228,TRIP200,2024-02-06 14:50:00,1800,54,quiet,0
AUD1229,TRIP201,2024-02-06 15:27:00,0,52,quiet,0
AUD1230,TRIP201,2024-02-06 15:42:25,925,63,normal,0
AUD1231,TRIP201,2024-02-06 15:44:25,1045,56,normal,59
AUD1232,TRIP201,2024-02-06 16:05:00,2280,49,quiet,0
AUD1233,TRIP202,2024-02-06 16:34:00,0,54,quiet,0
AUD1234,TRIP202,2024-02-06 16:38:40,280,55,conversation,0
AUD1235,TRIP202,2024-02-06 16:43:20,560,64,conversation,0
AUD1236,TRIP202,2024-02-06 16:48:00,840,64,normal,0
AUD1237,TRIP202,2024-02-06 16:52:40,1120,54,normal,0
AUD1238,TRIP202,2024-02-06 16:57:20,1400,66,conversation,0
AUD1239,TRIP202,2024-02-06 17:02:00,1680,46,quiet,0
AUD1240,TRIP203,2024-02-06 17:41:00,0,55,quiet,0
AUD1241,TRIP203,2024-02-06 17:41:30,30,57,normal,0
AUD1242,TRIP203,2024-02-06 17:43:26,146,75,loud,33
AUD1243,TRIP203,2024-02-06 17:44:26,206,62,normal,0
AUD1244,TRIP203,2024-02-06 18:16:00,2100,53,quiet,0
AUD1245,TRIP204,2024-02-06 06:48:00,0,53,quiet,0
AUD1246,TRIP204,2024-02-06 06:56:33,513,63,normal,0
AUD1247,TRIP204,2024-02-06 06:58:33,633,77,loud,141
AUD1248,TRIP204,2024-02-06 06:59:33,693,67,normal,0
AUD1249,TRIP204,2024-02-06 07:11:00,1380,50,quiet,0
AUD1250,TRIP205,2024-02-06 07:55:00,0,46,quiet,0
AUD1251,TRIP205,2024-02-06 07:59:30,270,57,normal,0
AUD1252,TRIP205,2024-02-06 08:04:00,540,59,normal,0
AUD1253,TRIP205,2024-02-06 08:08:30,810,60,normal,0
AUD1254,TRIP205,2024-02-06 08:13:00,1080,59,conversation,0
AUD1255,TRIP205,2024-02-06 08:17:30,1350,62,conversation,0
AUD1256,TRIP205,2024-02-06 08:22:00,1620,46,quiet,0
AUD1257,TRIP206,2024-02-06 08:02:00,0,46,quiet,0
AUD1258,TRIP206,2024-02-06 08:08:10,370,55,conversation,0
AUD1259,TRIP206,2024-02-06 08:14:20,740,64,conversation,0
AUD1260,TRIP206,2024-02-06 08:20:30,1110,57,normal,0
AUD1261,TRIP206,2024-02-06 08:26:40,1480,58,normal,0
AUD1262,TRIP206,2024-02-06 08:32:50,1850,58,conversation,0
AUD1263,TRIP206,2024-02-06 08:39:00,2220,51,quiet,0
AUD1264,TRIP207,2024-02-06 09:09:00,0,55,quiet,0
AUD1265,TRIP207,2024-02-06 09:09:30,30,60,normal,0
AUD1266,TRIP207,2024-02-06 09:10:51,111,55,normal,105
AUD1267,TRIP207,2024-02-06 09:21:06,726,60,normal,30
AUD1268,TRIP207,2024-02-06 09:42:00,1980,50,quiet,0
AUD1269,TRIP208,2024-02-06 10:16:00,0,54,quiet,0
AUD1270,TRIP208,2024-02-06 10:27:42,702,57,normal,0
AUD1271,TRIP208,2024-02-06 10:29:42,822,79,loud,147
AUD1272,TRIP208,2024-02-06 10:30:42,882,64,normal,0
AUD1273,TRIP208,2024-02-06 10:34:50,1130,72,conversation,68
AUD1274,TRIP208,2024-02-06 10:34:00,1080,50,quiet,0
AUD1275,TRIP209,2024-02-06 11:23:00,0,48,quiet,0
AUD1276,TRIP209,2024-02-06 11:26:52,232,59,normal,0
AUD1277,TRIP209,2024-02-06 11:28:52,352,87,very_loud,135
AUD1278,TRIP209,2024-02-06 11:29:52,412,69,conversation,0
AUD1279,TRIP209,2024-02-06 11:33:50,650,59,normal,29
AUD1280,TRIP209,2024-02-06 11:34:59,719,54,normal,103
AUD1281,TRIP209,2024-02-06 11:59:00,2160,53,quiet,0
AUD1282,TRIP210,2024-02-06 12:30:00,0,52,quiet,0
AUD1283,TRIP210,2024-02-06 12:45:27,927,58,normal,0
AUD1284,TRIP210,2024-02-06 12:47:27,1047,55,normal,56
AUD1285,TRIP210,2024-02-06 12:49:00,1140,51,quiet,0
AUD1286,TRIP211,2024-02-06 13:37:00,0,48,quiet,0
AUD1287,TRIP211,2024-02-06 13:40:00,180,65,normal,0
AUD1288,TRIP211,2024-02-06 13:43:00,360,62,normal,0
AUD1289,TRIP211,2024-02-06 13:46:00,540,66,normal,0
AUD1290,TRIP211,2024-02-06 13:49:00,720,55,normal,0
AUD1291,TRIP211,2024-02-06 13:52:00,900,60,conversation,0
AUD1292,TRIP211,2024-02-06 13:55:00,1080,50,quiet,0
AUD1293,TRIP212,2024-02-06 14:44:00,0,50,quiet,0
AUD1294,TRIP212,2024-02-06 14:47:30,210,54,normal,0
AUD1295,TRIP212,2024-02-06 14:51:00,420,64,normal,0
AUD1296,TRIP212,2024-02-06 14:54:30,630,58,normal,0
AUD1297,TRIP212,2024-02-06 14:58:00,840,63,normal,0
AUD1298,TRIP212,2024-02-06 15:01:30,1050,54,conversation,0
AUD1299,TRIP212,2024-02-06 15:05:00,1260,47,quiet,0
AUD1300,TRIP213,2024-02-06 15:51:00,0,52,quiet,0
AUD1301,TRIP213,2024-02-06 15:54:46,226,60,normal,0
AUD1302,TRIP213,2024-02-06 15:56:46,346,77,loud,61
AUD1303,TRIP213,2024-02-06 16:11:00,1200,55,quiet,0
AUD1304,TRIP214,2024-02-06 16:58:00,0,52,quiet,0
AUD1305,TRIP214,2024-02-06 17:02:40,280,58,normal,0
AUD1306,TRIP214,2024-02-06 17:07:20,560,56,normal,0
AUD1307,TRIP214,2024-02-06 17:12:00,840,61,normal,0
AUD1308,TRIP214,2024-02-06 17:16:40,1120,58,normal,0
AUD1309,TRIP214,2024-02-06 17:21:20,1400,59,conversation,0
AUD1310,TRIP214,2024-02-06 17:26:00,1680,53,quiet,0
AUD1311,TRIP215,2024-02-06 17:05:00,0,53,quiet,0
AUD1312,TRIP215,2024-02-06 17:08:40,220,59,normal,0
AUD1313,TRIP215,2024-02-06 17:12:20,440,65,conversation,0
AUD1314,TRIP215,2024-02-06 17:16:00,660,61,conversation,0
AUD1315,TRIP215,2024-02-06 17:19:40,880,63,conversation,0
AUD1316,TRIP215,2024-02-06 17:23:20,1100,60,normal,0
AUD1317,TRIP215,2024-02-06 17:27:00,1320,48,quiet,0
AUD1318,TRIP216,2024-02-06 06:12:00,0,54,quiet,0
AUD1319,TRIP216,2024-02-06 06:17:36,336,59,normal,0
AUD1320,TRIP216,2024-02-06 06:19:36,456,77,loud,60
AUD1321,TRIP216,2024-02-06 06:31:00,1140,51,quiet,0
AUD1322,TRIP217,2024-02-06 07:19:00,0,51,quiet,0
AUD1323,TRIP217,2024-02-06 07:24:40,340,66,conversation,0
AUD1324,TRIP217,2024-02-06 07:30:20,680,68,normal,0
AUD1325,TRIP217,2024-02-06 07:36:00,1020,58,normal,0
AUD1326,TRIP217,2024-02-06 07:41:40,1360,66,conversation,0
AUD1327,TRIP217,2024-02-06 07:47:20,1700,58,normal,0
AUD1328,TRIP217,2024-02-06 07:53:00,2040,51,quiet,0
AUD1329,TRIP218,2024-02-06 08:26:00,0,54,quiet,0
AUD1330,TRIP218,2024-02-06 08:44:25,1105,65,normal,0
AUD1331,TRIP218,2024-02-06 08:46:25,1225,74,conversation,74
AUD1332,TRIP218,2024-02-06 08:47:25,1285,62,normal,0
AUD1333,TRIP218,2024-02-06 08:49:44,1424,74,loud,33
AUD1334,TRIP218,2024-02-06 08:50:44,1484,62,normal,0
AUD1335,TRIP218,2024-02-06 08:50:40,1480,77,loud,36
AUD1336,TRIP218,2024-02-06 08:51:40,1540,62,normal,0
AUD1337,TRIP218,2024-02-06 09:01:00,2100,55,quiet,0
AUD1338,TRIP219,2024-02-06 09:33:00,0,53,quiet,0
AUD1339,TRIP219,2024-02-06 09:50:16,1036,62,normal,0
AUD1340,TRIP219,2024-02-06 09:52:16,1156,54,normal,0
AUD1341,TRIP219,2024-02-06 09:52:32,1172,58,normal,28
AUD1342,TRIP219,2024-02-06 09:51:00,1080,52,quiet,0
AUD1343,TRIP220,2024-02-06 10:40:00,0,51,quiet,0
AUD1344,TRIP220,2024-02-06 10:45:50,350,59,normal,0
AUD1345,TRIP220,2024-02-06 10:51:40,700,62,conversation,0
AUD1346,TRIP220,2024-02-06 10:57:30,1050,60,conversation,0
AUD1347,TRIP220,2024-02-06 11:03:20,1400,55,normal,0
AUD1348,TRIP220,2024-02-06 11:09:10,1750,63,conversation,0
AUD1349,TRIP220,2024-02-06 11:15:00,2100,51,quiet,0
